FILEBASE, SCALE, BYTES, ACCA, ACCB, ACCAVG, OCRTIME
8541_001.2B, 1.0, 35142, 99, 99, 99.0, 3.20751714706
8597_001.2B, 1.0, 18234, 93, 94, 93.5, 1.99105095863
8741_002.2B, 1.0, 12720, 97, 97, 97.0, 0.832899808884
8750_001.2B, 1.0, 29996, 96, 95, 95.5, 1.91871213913
8752_001.2B, 1.0, 39420, 93, 93, 93.0, 5.1882879734
8564_001.2B, 1.0, 26494, 76, 80, 78.0, 2.29851794243
8502_001.2B, 1.0, 32236, 89, 94, 91.5, 1.81504297256
8717_001.2B, 1.0, 29414, 86, 83, 84.5, 3.00974202156
8520_003.2B, 1.0, 31946, 97, 99, 98.0, 1.82718300819
8747_002.2B, 1.0, 37952, 95, 95, 95.0, 1.69444084167
8749_002.2B, 1.0, 34738, 70, 65, 67.5, 4.67114114761
8529_002.2B, 1.0, 7262, 77, 90, 83.5, 0.962619066238
8729_001.2B, 1.0, 34702, 92, 93, 92.5, 2.78358197212
8523_001.2B, 1.0, 39654, 85, 88, 86.5, 4.71858215332
8710_001.2B, 1.0, 19478, 85, 89, 87.0, 2.37005496025
8584_001.2B, 1.0, 27708, 96, 97, 96.5, 1.47235703468
8501_001.2B, 1.0, 14234, 93, 94, 93.5, 0.888053178787
8592_001.2B, 1.0, 18504, 97, 98, 97.5, 0.961644887924
8570_001.2B, 1.0, 9584, 92, 93, 92.5, 0.671507835388
8508_001.2B, 1.0, 40006, 90, 95, 92.5, 3.43476295471
8759_004.2B, 1.0, 35858, 93, 93, 93.0, 4.04370689392
8734_001.2B, 1.0, 29482, 80, 91, 85.5, 2.16098284721
8538_001.2B, 1.0, 24456, 97, 97, 97.0, 2.19763803482
8759_002.2B, 1.0, 34326, 95, 96, 95.5, 2.79360699654
8580_001.2B, 1.0, 12188, 99, 99, 99.0, 0.865872144699
8601_001.2B, 1.0, 36730, 98, 98, 98.0, 2.55657196045
8555_001.2B, 1.0, 26644, 85, 89, 87.0, 2.3855509758
8541_002.2B, 1.0, 32810, 94, 94, 94.0, 2.88890600204
8547_001.2B, 1.0, 11860, 85, 91, 88.0, 0.957594156265
8536_001.2B, 1.0, 28226, 83, 88, 85.5, 3.35999798775
8599_001.2B, 1.0, 22612, 86, 87, 86.5, 1.73162412643
8736_001.2B, 1.0, 21214, 92, 94, 93.0, 2.06047582626
8562_001.2B, 1.0, 12886, 92, 91, 91.5, 0.936902999878
8758_002.2B, 1.0, 39332, 95, 95, 95.0, 3.4977710247
8750_003.2B, 1.0, 32562, 97, 97, 97.0, 1.69287896156
8581_001.2B, 1.0, 22988, 98, 99, 98.5, 1.60314011574
8596_001.2B, 1.0, 21168, 97, 98, 97.5, 1.66579079628
8537_001.2B, 1.0, 10570, 71, 87, 79.0, 1.61658406258
8742_002.2B, 1.0, 10416, 96, 99, 97.5, 0.606650829315
8704_001.2B, 1.0, 18242, 91, 98, 94.5, 1.72102713585
8522_001.2B, 1.0, 31684, 88, 90, 89.0, 3.08816790581
8559_001.2B, 1.0, 23448, 80, 83, 81.5, 2.4706659317
8709_001.2B, 1.0, 25214, 88, 93, 90.5, 2.54368805885
8751_001.2B, 1.0, 25318, 68, 76, 72.0, 1.79557299614
8728_001.2B, 1.0, 22026, 94, 95, 94.5, 1.18251800537
8712_001.2B, 1.0, 30234, 87, 90, 88.5, 3.63228106499
8510_001.2B, 1.0, 26900, 90, 92, 91.0, 2.61555290222
8753_001.2B, 1.0, 50722, 90, 94, 92.0, 5.89108610153
8755_001.2B, 1.0, 24522, 95, 96, 95.5, 1.48939204216
8504_001.2B, 1.0, 19516, 85, 92, 88.5, 2.20760703087
8701_001.2B, 1.0, 26046, 88, 89, 88.5, 2.00932598114
8705_001.2B, 1.0, 26260, 75, 84, 79.5, 3.09762501717
8718_001.2B, 1.0, 23450, 62, 73, 67.5, 4.66021084785
8745_001.2B, 1.0, 30928, 83, 83, 83.0, 1.80042505264
8593_001.2B, 1.0, 18802, 92, 94, 93.0, 1.37694096565
8724_001.2B, 1.0, 49458, 41, 89, 65.0, 8.80050396919
8568_001.2B, 1.0, 16862, 88, 88, 88.0, 1.34693002701
8744_001.2B, 1.0, 42898, 90, 91, 90.5, 4.65554714203
8739_001.2B, 1.0, 39430, 94, 95, 94.5, 2.92359089851
8737_001.2B, 1.0, 33900, 95, 97, 96.0, 1.57858395576
8579_001.2B, 1.0, 18250, 46, 63, 54.5, 1.96677708626
8755_002.2B, 1.0, 34446, 97, 98, 97.5, 1.77074193954
8591_001.2B, 1.0, 33960, 97, 97, 97.0, 2.61957383156
8750_004.2B, 1.0, 12754, 99, 98, 98.5, 0.796717882156
8542_001.2B, 1.0, 22134, 97, 97, 97.0, 1.128729105
8577_001.2B, 1.0, 16452, 78, 78, 78.0, 1.33563399315
8720_001.2B, 1.0, 35834, 91, 93, 92.0, 2.26743602753
8561_001.2B, 1.0, 40544, 63, 66, 64.5, 2.13669586182
8534_001.2B, 1.0, 27248, 95, 97, 96.0, 1.4775159359
8590_001.2B, 1.0, 36730, 82, 87, 84.5, 2.96475887299
8528_001.2B, 1.0, 9086, 85, 97, 91.0, 0.695944070816
8746_001.2B, 1.0, 25178, 96, 97, 96.5, 1.50418806076
8506_001.2B, 1.0, 20298, 86, 93, 89.5, 1.70328712463
8539_001.2B, 1.0, 21952, 94, 96, 95.0, 1.33863806725
8572_001.2B, 1.0, 15970, 90, 96, 93.0, 1.37172698975
8726_001.2B, 1.0, 22230, 94, 92, 93.0, 2.00962209702
8707_001.2B, 1.0, 24982, 88, 90, 89.0, 1.67002701759
8700_001.2B, 1.0, 33000, 89, 93, 91.0, 2.72818517685
8583_001.2B, 1.0, 16946, 79, 87, 83.0, 1.66696000099
8754_001.2B, 1.0, 32784, 95, 94, 94.5, 3.44411087036
8733_002.2B, 1.0, 12268, 93, 90, 91.5, 0.566730976105
8736_002.2B, 1.0, 9106, 80, 87, 83.5, 1.04517912865
8546_001.2B, 1.0, 19954, 91, 93, 92.0, 1.99914693832
8760_002.2B, 1.0, 19536, 95, 96, 95.5, 1.72603082657
8753_002.2B, 1.0, 53082, 95, 95, 95.0, 5.73181605339
8514_001.2B, 1.0, 29752, 81, 86, 83.5, 3.64860296249
8752_003.2B, 1.0, 22976, 93, 94, 93.5, 2.65394496918
8714_001.2B, 1.0, 23088, 88, 92, 90.0, 1.8034260273
8708_001.2B, 1.0, 24634, 95, 96, 95.5, 1.96455287933
8598_001.2B, 1.0, 16736, 97, 99, 98.0, 1.01265001297
8727_001.2B, 1.0, 31884, 89, 90, 89.5, 2.81182718277
8574_002.2B, 1.0, 14424, 73, 74, 73.5, 0.788197994232
8713_001.2B, 1.0, 25102, 93, 95, 94.0, 1.96690201759
8524_001.2B, 1.0, 26468, 83, 93, 88.0, 1.89873099327
8735_001.2B, 1.0, 20934, 93, 94, 93.5, 1.25329208374
8721_003.2B, 1.0, 25290, 90, 88, 89.0, 2.23234009743
8549_001.2B, 1.0, 10994, 80, 87, 83.5, 1.00619316101
8553_001.2B, 1.0, 22130, 97, 97, 97.0, 1.25637483597
8591_002.2B, 1.0, 3466, 89, 96, 92.5, 0.320546865463
8761_001.2B, 1.0, 21186, 79, 95, 87.0, 1.23056721687
8711_001.2B, 1.0, 20006, 79, 85, 82.0, 1.48285889626
8558_001.2B, 1.0, 24832, 90, 91, 90.5, 3.05007886887
8716_001.2B, 1.0, 32270, 88, 89, 88.5, 2.97460198402
8737_002.2B, 1.0, 31068, 97, 98, 97.5, 1.33883309364
8751_002.2B, 1.0, 25854, 94, 95, 94.5, 1.76712584496
8758_004.2B, 1.0, 28944, 94, 95, 94.5, 2.84316301346
8507_001.2B, 1.0, 18270, 83, 87, 85.0, 1.76551008224
8739_002.2B, 1.0, 38636, 91, 92, 91.5, 2.63052296638
8721_001.2B, 1.0, 33462, 89, 88, 88.5, 2.81687283516
8520_002.2B, 1.0, 42390, 93, 95, 94.0, 2.48730897903
8533_001.2B, 1.0, 10360, 98, 98, 98.0, 0.833352088928
8566_001.2B, 1.0, 14982, 91, 96, 93.5, 1.02086591721
8595_001.2B, 1.0, 14434, 93, 95, 94.0, 0.828396081924
8576_001.2B, 1.0, 13182, 92, 93, 92.5, 1.1232149601
8723_002.2B, 1.0, 38824, 96, 98, 97.0, 2.38419294357
8735_002.2B, 1.0, 11398, 95, 96, 95.5, 0.651410102844
8516_001.2B, 1.0, 22912, 78, 81, 79.5, 1.58651399612
8747_001.2B, 1.0, 36364, 86, 85, 85.5, 2.50459814072
8519_001.2B, 1.0, 30096, 92, 93, 92.5, 2.14632105827
8565_001.2B, 1.0, 16138, 98, 99, 98.5, 1.06082606316
8567_001.2B, 1.0, 34900, 63, 64, 63.5, 7.06680893898
8724_002.2B, 1.0, 30892, 92, 93, 92.5, 4.73913002014
8588_001.2B, 1.0, 16380, 95, 96, 95.5, 1.34479808807
8706_001.2B, 1.0, 31540, 92, 91, 91.5, 2.52478504181
8530_001.2B, 1.0, 15648, 76, 95, 85.5, 1.26669192314
8721_002.2B, 1.0, 29308, 86, 85, 85.5, 2.49087095261
8748_002.2B, 1.0, 37498, 95, 86, 90.5, 1.68309998512
8527_001.2B, 1.0, 17596, 81, 85, 83.0, 2.74256300926
8738_001.2B, 1.0, 35264, 79, 89, 84.0, 2.62073707581
8758_003.2B, 1.0, 46154, 97, 97, 97.0, 4.02486014366
8731_001.2B, 1.0, 25780, 67, 74, 70.5, 1.23120713234
8554_001.2B, 1.0, 12572, 95, 96, 95.5, 1.14050006866
8754_002.2B, 1.0, 31172, 93, 93, 93.0, 3.05455994606
8557_001.2B, 1.0, 24590, 76, 82, 79.0, 2.46262598038
8723_001.2B, 1.0, 35054, 91, 91, 91.0, 2.66517281532
8556_001.2B, 1.0, 12980, 96, 96, 96.0, 1.14944887161
8733_001.2B, 1.0, 23306, 91, 95, 93.0, 1.42664408684
8730_001.2B, 1.0, 21462, 90, 91, 90.5, 1.37394380569
8531_001.2B, 1.0, 23648, 90, 96, 93.0, 2.22356200218
8715_001.2B, 1.0, 29402, 76, 84, 80.0, 2.58238005638
8600_001.2B, 1.0, 15236, 95, 97, 96.0, 1.45324397087
8740_001.2B, 1.0, 22840, 85, 91, 88.0, 2.06918907166
8740_002.2B, 1.0, 26510, 90, 94, 92.0, 1.96087312698
8582_001.2B, 1.0, 21154, 100, 100, 100.0, 1.82655286789
8575_001.2B, 1.0, 11376, 97, 99, 98.0, 0.820315122604
8552_001.2B, 1.0, 18100, 86, 86, 86.0, 1.33534097672
8703_001.2B, 1.0, 24800, 83, 87, 85.0, 2.51910996437
8589_001.2B, 1.0, 11558, 85, 87, 86.0, 0.957790136337
8525_001.2B, 1.0, 53108, 93, 94, 93.5, 4.34781002998
8743_002.2B, 1.0, 21632, 96, 96, 96.0, 1.7542579174
8569_001.2B, 1.0, 26416, 65, 76, 70.5, 1.97642397881
8745_002.2B, 1.0, 10288, 93, 93, 93.0, 0.613068819046
8749_001.2B, 1.0, 23090, 92, 93, 92.5, 1.26161694527
8759_001.2B, 1.0, 31938, 85, 88, 86.5, 2.95854783058
8548_001.2B, 1.0, 18542, 90, 93, 91.5, 1.71889209747
8526_001.2B, 1.0, 17198, 87, 92, 89.5, 1.02437996864
8529_001.2B, 1.0, 38396, 95, 98, 96.5, 3.32360601425
8535_001.2B, 1.0, 18582, 53, 60, 56.5, 1.79111003876
8500_001.2B, 1.0, 33130, 93, 99, 96.0, 2.16037201881
8594_001.2B, 1.0, 11280, 89, 90, 89.5, 1.27103900909
8725_001.2B, 1.0, 32012, 96, 96, 96.0, 1.80497288704
8520_001.2B, 1.0, 33766, 93, 94, 93.5, 2.26096916199
8756_001.2B, 1.0, 29410, 94, 95, 94.5, 2.76809406281
8752_002.2B, 1.0, 47130, 97, 96, 96.5, 4.63165307045
8758_001.2B, 1.0, 37434, 92, 94, 93.0, 3.17204809189
8744_002.2B, 1.0, 39706, 69, 70, 69.5, 10.1432769299
8521_001.2B, 1.0, 23992, 86, 89, 87.5, 2.29176688194
8759_003.2B, 1.0, 33890, 93, 93, 93.0, 2.98701190948
8573_001.2B, 1.0, 23706, 96, 96, 96.0, 2.13584399223
8544_001.2B, 1.0, 26432, 92, 93, 92.5, 3.03103399277
8585_001.2B, 1.0, 15642, 92, 99, 95.5, 1.3434278965
8578_001.2B, 1.0, 15066, 70, 78, 74.0, 1.01027011871
8722_001.2B, 1.0, 31458, 92, 95, 93.5, 1.78457903862
8760_001.2B, 1.0, 26582, 94, 95, 94.5, 2.73107600212
8545_001.2B, 1.0, 12878, 81, 93, 87.0, 1.24470496178
8748_001.2B, 1.0, 56240, 72, 78, 75.0, 5.60338282585
8574_001.2B, 1.0, 29920, 89, 98, 93.5, 1.77305293083
8587_001.2B, 1.0, 17252, 96, 97, 96.5, 1.25766611099
8515_001.2B, 1.0, 17792, 85, 87, 86.0, 1.81211185455
8512_001.2B, 1.0, 7696, 58, 80, 69.0, 0.741078853607
8563_001.2B, 1.0, 23352, 85, 87, 86.0, 3.10846090317
8551_001.2B, 1.0, 12424, 91, 96, 93.5, 1.12228512764
8741_001.2B, 1.0, 21020, 85, 87, 86.0, 2.07395815849
8503_001.2B, 1.0, 31032, 93, 98, 95.5, 1.80213999748
8550_001.2B, 1.0, 18644, 85, 97, 91.0, 1.07332205772
8560_001.2B, 1.0, 24364, 97, 97, 97.0, 1.69810199738
8743_001.2B, 1.0, 35020, 92, 95, 93.5, 2.58467912674
8540_001.2B, 1.0, 21988, 98, 98, 98.0, 1.860268116
8719_001.2B, 1.0, 25446, 91, 92, 91.5, 2.93929386139
8518_001.2B, 1.0, 15450, 72, 93, 82.5, 1.37827897072
8702_001.2B, 1.0, 30586, 89, 90, 89.5, 3.58513092995
8750_002.2B, 1.0, 35140, 91, 92, 91.5, 2.00290894508
8513_001.2B, 1.0, 20846, 46, 50, 48.0, 3.91423106194
8734_002.2B, 1.0, 29248, 93, 94, 93.5, 1.78938889503
8505_001.2B, 1.0, 86230, 97, 98, 97.5, 2.10474395752
8509_001.2B, 1.0, 44720, 93, 95, 94.0, 3.40630197525
8517_001.2B, 1.0, 12624, 92, 96, 94.0, 0.774896860123
8742_001.2B, 1.0, 29010, 90, 96, 93.0, 1.53821897507
8586_001.2B, 1.0, 10674, 67, 89, 78.0, 0.861344099045
8571_001.2B, 1.0, 27980, 83, 80, 81.5, 3.26211190224
8541_001.2B, 0.9, 31038, 96, 96, 96.0, 4.28045201302
8597_001.2B, 0.9, 16096, 87, 88, 87.5, 2.49709916115
8741_002.2B, 0.9, 11432, 95, 95, 95.0, 0.750670909882
8750_001.2B, 0.9, 26360, 92, 93, 92.5, 2.24556398392
8752_001.2B, 0.9, 34358, 84, 84, 84.0, 7.91093397141
8564_001.2B, 0.9, 23548, 73, 79, 76.0, 2.66259384155
8502_001.2B, 0.9, 28354, 88, 93, 90.5, 2.01414394379
8717_001.2B, 0.9, 25840, 83, 82, 82.5, 3.62123703957
8520_003.2B, 0.9, 28204, 94, 96, 95.0, 2.02553796768
8747_002.2B, 0.9, 33644, 97, 98, 97.5, 1.75855588913
8749_002.2B, 0.9, 30742, 76, 64, 70.0, 4.48508501053
8529_002.2B, 0.9, 6492, 73, 90, 81.5, 1.14608001709
8729_001.2B, 0.9, 30392, 89, 89, 89.0, 3.79901099205
8523_001.2B, 0.9, 34378, 78, 84, 81.0, 6.58605909348
8710_001.2B, 0.9, 17336, 75, 78, 76.5, 3.68336510658
8584_001.2B, 0.9, 24416, 95, 96, 95.5, 1.85006189346
8501_001.2B, 0.9, 12316, 89, 92, 90.5, 1.08912396431
8592_001.2B, 0.9, 16262, 97, 97, 97.0, 1.0492978096
8570_001.2B, 0.9, 8428, 82, 85, 83.5, 1.2016890049
8508_001.2B, 0.9, 35404, 90, 93, 91.5, 3.92597103119
8759_004.2B, 0.9, 31942, 72, 73, 72.5, 7.18198108673
8734_001.2B, 0.9, 25976, 82, 86, 84.0, 2.73731398582
8538_001.2B, 0.9, 21608, 93, 94, 93.5, 3.38505291939
8759_002.2B, 0.9, 30570, 95, 96, 95.5, 3.59430193901
8580_001.2B, 0.9, 10962, 99, 99, 99.0, 0.972800970078
8601_001.2B, 0.9, 32600, 98, 98, 98.0, 3.281208992
8555_001.2B, 0.9, 23878, 81, 88, 84.5, 2.66344594955
8541_002.2B, 0.9, 28882, 94, 94, 94.0, 3.85387587547
8547_001.2B, 0.9, 10392, 88, 90, 89.0, 0.954262018204
8536_001.2B, 0.9, 25220, 81, 84, 82.5, 4.43247103691
8599_001.2B, 0.9, 20208, 88, 90, 89.0, 1.97178196907
8736_001.2B, 0.9, 18632, 91, 92, 91.5, 2.55094599724
8562_001.2B, 0.9, 11406, 90, 90, 90.0, 1.14094519615
8758_002.2B, 0.9, 35126, 97, 97, 97.0, 4.26780200005
8750_003.2B, 0.9, 29016, 97, 97, 97.0, 1.84466195107
8581_001.2B, 0.9, 20478, 97, 98, 97.5, 1.74782800674
8596_001.2B, 0.9, 18610, 98, 99, 98.5, 1.82872700691
8537_001.2B, 0.9, 9138, 66, 87, 76.5, 1.80871295929
8742_002.2B, 0.9, 9308, 96, 98, 97.0, 0.639208078384
8704_001.2B, 0.9, 16180, 91, 95, 93.0, 1.79188895226
8522_001.2B, 0.9, 27844, 87, 88, 87.5, 4.17162513733
8559_001.2B, 0.9, 20548, 80, 84, 82.0, 2.63734292984
8709_001.2B, 0.9, 22160, 86, 89, 87.5, 2.61676502228
8751_001.2B, 0.9, 21980, 81, 88, 84.5, 1.65533518791
8728_001.2B, 0.9, 19494, 93, 95, 94.0, 1.13904976845
8712_001.2B, 0.9, 26540, 82, 85, 83.5, 4.64939594269
8510_001.2B, 0.9, 23720, 89, 90, 89.5, 2.91599202156
8753_001.2B, 0.9, 44328, 86, 91, 88.5, 6.96981501579
8755_001.2B, 0.9, 22010, 95, 96, 95.5, 1.67523598671
8504_001.2B, 0.9, 17154, 86, 89, 87.5, 2.16438794136
8701_001.2B, 0.9, 23198, 87, 88, 87.5, 2.26149606705
8705_001.2B, 0.9, 23232, 73, 83, 78.0, 3.24196887016
8718_001.2B, 0.9, 20132, 47, 53, 50.0, 5.74582695961
8745_001.2B, 0.9, 26988, 85, 84, 84.5, 1.64152503014
8593_001.2B, 0.9, 16570, 84, 87, 85.5, 1.42497587204
8724_001.2B, 0.9, 41758, 44, 84, 64.0, 8.92811894417
8568_001.2B, 0.9, 14910, 82, 85, 83.5, 1.5460729599
8744_001.2B, 0.9, 37940, 85, 88, 86.5, 5.45644021034
8739_001.2B, 0.9, 35440, 96, 95, 95.5, 3.10864591599
8737_001.2B, 0.9, 30002, 97, 98, 97.5, 1.62211513519
8579_001.2B, 0.9, 15884, 58, 72, 65.0, 2.35368299484
8755_002.2B, 0.9, 30746, 97, 98, 97.5, 1.90859818459
8591_001.2B, 0.9, 30228, 96, 96, 96.0, 2.85260105133
8750_004.2B, 0.9, 11324, 97, 96, 96.5, 0.83420586586
8542_001.2B, 0.9, 19604, 86, 87, 86.5, 1.1717748642
8577_001.2B, 0.9, 14510, 74, 74, 74.0, 1.32007718086
8720_001.2B, 0.9, 31842, 89, 90, 89.5, 2.46060705185
8561_001.2B, 0.9, 35496, 83, 87, 85.0, 2.05150699615
8534_001.2B, 0.9, 24304, 95, 96, 95.5, 1.55345106125
8590_001.2B, 0.9, 31822, 83, 90, 86.5, 3.11719584465
8528_001.2B, 0.9, 8030, 84, 91, 87.5, 0.685065984726
8746_001.2B, 0.9, 22308, 95, 97, 96.0, 1.57042098045
8506_001.2B, 0.9, 18010, 83, 89, 86.0, 1.99293208122
8539_001.2B, 0.9, 19382, 87, 91, 89.0, 1.16392111778
8572_001.2B, 0.9, 13930, 82, 90, 86.0, 1.94933414459
8726_001.2B, 0.9, 19226, 85, 88, 86.5, 2.39924812317
8707_001.2B, 0.9, 22118, 88, 91, 89.5, 2.03766202927
8700_001.2B, 0.9, 29600, 86, 90, 88.0, 3.23112106323
8583_001.2B, 0.9, 15036, 78, 87, 82.5, 1.44910621643
8754_001.2B, 0.9, 28544, 91, 91, 91.0, 3.90424108505
8733_002.2B, 0.9, 10870, 93, 90, 91.5, 0.566051006317
8736_002.2B, 0.9, 8128, 75, 77, 76.0, 1.23794698715
8546_001.2B, 0.9, 17784, 86, 89, 87.5, 2.31988406181
8760_002.2B, 0.9, 17254, 92, 94, 93.0, 2.22073888779
8753_002.2B, 0.9, 47752, 94, 95, 94.5, 7.26859307289
8514_001.2B, 0.9, 26408, 75, 78, 76.5, 4.86162114143
8752_003.2B, 0.9, 20076, 83, 85, 84.0, 4.70154881477
8714_001.2B, 0.9, 20604, 85, 90, 87.5, 1.96422791481
8708_001.2B, 0.9, 21966, 92, 94, 93.0, 2.33661699295
8598_001.2B, 0.9, 14776, 100, 100, 100.0, 1.06271505356
8727_001.2B, 0.9, 27954, 87, 87, 87.0, 3.59020900726
8574_002.2B, 0.9, 12660, 58, 61, 59.5, 0.84162902832
8713_001.2B, 0.9, 22336, 93, 95, 94.0, 2.32158088684
8524_001.2B, 0.9, 23310, 83, 92, 87.5, 2.30543804169
8735_001.2B, 0.9, 18670, 92, 93, 92.5, 1.33324599266
8721_003.2B, 0.9, 22300, 90, 87, 88.5, 2.1387219429
8549_001.2B, 0.9, 9774, 84, 89, 86.5, 0.943136930466
8553_001.2B, 0.9, 19680, 95, 97, 96.0, 1.67202687263
8591_002.2B, 0.9, 3144, 81, 88, 84.5, 0.360982894897
8761_001.2B, 0.9, 18644, 85, 96, 90.5, 1.20980906487
8711_001.2B, 0.9, 17566, 81, 83, 82.0, 2.29384207726
8558_001.2B, 0.9, 21826, 80, 82, 81.0, 3.3808619976
8716_001.2B, 0.9, 28652, 87, 91, 89.0, 3.31297302246
8737_002.2B, 0.9, 27656, 96, 96, 96.0, 1.4374089241
8751_002.2B, 0.9, 23022, 94, 95, 94.5, 1.78979682922
8758_004.2B, 0.9, 25940, 95, 96, 95.5, 3.45892882347
8507_001.2B, 0.9, 15986, 77, 84, 80.5, 2.31479620934
8739_002.2B, 0.9, 34508, 94, 94, 94.0, 3.07603096962
8721_001.2B, 0.9, 29720, 87, 88, 87.5, 3.01715993881
8520_002.2B, 0.9, 37704, 93, 95, 94.0, 2.70603299141
8533_001.2B, 0.9, 9114, 97, 98, 97.5, 0.984660863876
8566_001.2B, 0.9, 13212, 83, 91, 87.0, 1.0701520443
8595_001.2B, 0.9, 12846, 88, 94, 91.0, 1.02960991859
8576_001.2B, 0.9, 11764, 89, 89, 89.0, 1.2700278759
8723_002.2B, 0.9, 34274, 97, 98, 97.5, 2.56026411057
8735_002.2B, 0.9, 10242, 95, 95, 95.0, 0.684247016907
8516_001.2B, 0.9, 19924, 66, 71, 68.5, 1.65316104889
8747_001.2B, 0.9, 32234, 86, 84, 85.0, 2.68570518494
8519_001.2B, 0.9, 26408, 88, 91, 89.5, 2.30889892578
8565_001.2B, 0.9, 14370, 97, 99, 98.0, 1.28156399727
8567_001.2B, 0.9, 30338, 60, 60, 60.0, 6.44003987312
8724_002.2B, 0.9, 27446, 85, 86, 85.5, 6.19681811333
8588_001.2B, 0.9, 14598, 58, 65, 61.5, 1.68976211548
8706_001.2B, 0.9, 27892, 94, 90, 92.0, 2.9269759655
8530_001.2B, 0.9, 14016, 83, 94, 88.5, 1.40875911713
8721_002.2B, 0.9, 25984, 83, 82, 82.5, 2.68256592751
8748_002.2B, 0.9, 33300, 91, 83, 87.0, 1.74925494194
8527_001.2B, 0.9, 15428, 73, 77, 75.0, 3.32686209679
8738_001.2B, 0.9, 30636, 80, 91, 85.5, 3.15252494812
8758_003.2B, 0.9, 41390, 97, 97, 97.0, 4.94958400726
8731_001.2B, 0.9, 21832, 62, 71, 66.5, 1.74221897125
8554_001.2B, 0.9, 11146, 93, 93, 93.0, 1.32960796356
8754_002.2B, 0.9, 28424, 89, 89, 89.0, 3.30119419098
8557_001.2B, 0.9, 21850, 73, 80, 76.5, 2.45833396912
8723_001.2B, 0.9, 30954, 91, 91, 91.0, 3.25447916985
8556_001.2B, 0.9, 11466, 92, 93, 92.5, 1.16980099678
8733_001.2B, 0.9, 20444, 90, 92, 91.0, 1.52396297455
8730_001.2B, 0.9, 19252, 89, 91, 90.0, 1.52506399155
8531_001.2B, 0.9, 21022, 90, 95, 92.5, 2.46005702019
8715_001.2B, 0.9, 26206, 81, 82, 81.5, 3.30838394165
8600_001.2B, 0.9, 13538, 93, 94, 93.5, 1.76880908012
8740_001.2B, 0.9, 20418, 80, 87, 83.5, 2.43431091309
8740_002.2B, 0.9, 23508, 89, 90, 89.5, 2.73622393608
8582_001.2B, 0.9, 18584, 98, 98, 98.0, 2.32059192657
8575_001.2B, 0.9, 10262, 92, 95, 93.5, 0.983910799026
8552_001.2B, 0.9, 16042, 84, 86, 85.0, 1.36489701271
8703_001.2B, 0.9, 21750, 79, 81, 80.0, 3.28720593452
8589_001.2B, 0.9, 10358, 70, 72, 71.0, 1.19633603096
8525_001.2B, 0.9, 44346, 89, 93, 91.0, 5.07320594788
8743_002.2B, 0.9, 19064, 94, 95, 94.5, 2.12181615829
8569_001.2B, 0.9, 22984, 61, 71, 66.0, 2.53543496132
8745_002.2B, 0.9, 9202, 94, 93, 93.5, 0.651161193848
8749_001.2B, 0.9, 20446, 93, 92, 92.5, 1.29819393158
8759_001.2B, 0.9, 28290, 84, 86, 85.0, 4.01407194138
8548_001.2B, 0.9, 16430, 92, 96, 94.0, 1.97297596931
8526_001.2B, 0.9, 15310, 89, 93, 91.0, 1.22553682327
8529_001.2B, 0.9, 34306, 93, 95, 94.0, 4.0293610096
8535_001.2B, 0.9, 16006, 4, 10, 7.0, 3.57669615746
8500_001.2B, 0.9, 29328, 95, 99, 97.0, 2.12840414047
8594_001.2B, 0.9, 10082, 77, 85, 81.0, 1.54006505013
8725_001.2B, 0.9, 28362, 94, 95, 94.5, 1.70916819572
8520_001.2B, 0.9, 29846, 90, 91, 90.5, 2.52841591835
8756_001.2B, 0.9, 25898, 92, 92, 92.0, 3.48579406738
8752_002.2B, 0.9, 41076, 89, 89, 89.0, 8.71904802322
8758_001.2B, 0.9, 33148, 91, 96, 93.5, 3.74601197243
8744_002.2B, 0.9, 35404, 62, 62, 62.0, 10.2701947689
8521_001.2B, 0.9, 21294, 81, 84, 82.5, 2.47866678238
8759_003.2B, 0.9, 30106, 95, 93, 94.0, 3.59125804901
8573_001.2B, 0.9, 20902, 90, 92, 91.0, 2.78354692459
8544_001.2B, 0.9, 23796, 88, 89, 88.5, 4.44453001022
8585_001.2B, 0.9, 13774, 92, 97, 94.5, 1.57653188705
8578_001.2B, 0.9, 13260, 73, 77, 75.0, 0.981560945511
8722_001.2B, 0.9, 27672, 93, 95, 94.0, 2.03450393677
8760_001.2B, 0.9, 23562, 91, 91, 91.0, 3.76881599426
8545_001.2B, 0.9, 11542, 75, 90, 82.5, 1.14313411713
8748_001.2B, 0.9, 48046, 55, 57, 56.0, 8.19877505302
8574_001.2B, 0.9, 26078, 86, 94, 90.0, 1.80777001381
8587_001.2B, 0.9, 15236, 96, 96, 96.0, 1.35648488998
8515_001.2B, 0.9, 15920, 80, 83, 81.5, 2.20854711533
8512_001.2B, 0.9, 6692, 58, 71, 64.5, 0.809403896332
8563_001.2B, 0.9, 20696, 82, 85, 83.5, 3.02752399445
8551_001.2B, 0.9, 11072, 81, 88, 84.5, 1.37330389023
8741_001.2B, 0.9, 18408, 85, 84, 84.5, 1.71961283684
8503_001.2B, 0.9, 27642, 95, 97, 96.0, 1.96151709557
8550_001.2B, 0.9, 16544, 86, 97, 91.5, 1.27363991737
8560_001.2B, 0.9, 21806, 95, 95, 95.0, 1.89966988564
8743_001.2B, 0.9, 30258, 93, 95, 94.0, 3.27405619621
8540_001.2B, 0.9, 19358, 96, 98, 97.0, 2.11005806923
8719_001.2B, 0.9, 22780, 87, 90, 88.5, 3.41053390503
8518_001.2B, 0.9, 13690, 72, 89, 80.5, 1.44718194008
8702_001.2B, 0.9, 27058, 81, 83, 82.0, 4.96958708763
8750_002.2B, 0.9, 30926, 88, 89, 88.5, 2.3290989399
8513_001.2B, 0.9, 18500, 42, 46, 44.0, 3.84500598907
8734_002.2B, 0.9, 26010, 86, 87, 86.5, 2.470744133
8505_001.2B, 0.9, 67250, 94, 94, 94.0, 2.63262295723
8509_001.2B, 0.9, 39902, 94, 94, 94.0, 3.53741598129
8517_001.2B, 0.9, 11358, 89, 93, 91.0, 0.743920087814
8742_001.2B, 0.9, 25762, 94, 96, 95.0, 1.77934598923
8586_001.2B, 0.9, 9132, 71, 90, 80.5, 0.885542154312
8571_001.2B, 0.9, 24750, 78, 78, 78.0, 3.01095294952
8541_001.2B, 0.8, 27872, 94, 93, 93.5, 4.61071205139
8597_001.2B, 0.8, 14492, 87, 88, 87.5, 2.51437902451
8741_002.2B, 0.8, 10182, 97, 97, 97.0, 0.748975992203
8750_001.2B, 0.8, 23802, 89, 90, 89.5, 2.44355511665
8752_001.2B, 0.8, 31236, 81, 82, 81.5, 9.54595088959
8564_001.2B, 0.8, 21252, 71, 76, 73.5, 2.82448601723
8502_001.2B, 0.8, 25472, 93, 95, 94.0, 2.13793301582
8717_001.2B, 0.8, 23060, 81, 78, 79.5, 3.7582089901
8520_003.2B, 0.8, 25290, 94, 96, 95.0, 2.27315306664
8747_002.2B, 0.8, 29690, 98, 98, 98.0, 1.76560711861
8749_002.2B, 0.8, 27688, 77, 62, 69.5, 2.71588587761
8529_002.2B, 0.8, 5842, 72, 87, 79.5, 1.12982296944
8729_001.2B, 0.8, 27360, 87, 88, 87.5, 4.05004191399
8523_001.2B, 0.8, 30704, 76, 78, 77.0, 6.12603402138
8710_001.2B, 0.8, 15632, 78, 79, 78.5, 3.71076107025
8584_001.2B, 0.8, 21728, 95, 96, 95.5, 2.7234389782
8501_001.2B, 0.8, 10956, 92, 94, 93.0, 1.00323414803
8592_001.2B, 0.8, 14498, 96, 97, 96.5, 1.05764603615
8570_001.2B, 0.8, 7530, 75, 79, 77.0, 1.47214412689
8508_001.2B, 0.8, 31638, 90, 94, 92.0, 4.13939404488
8759_004.2B, 0.8, 28476, 69, 71, 70.0, 7.21990704536
8734_001.2B, 0.8, 23676, 77, 79, 78.0, 4.4582798481
8538_001.2B, 0.8, 19472, 93, 95, 94.0, 3.30711197853
8759_002.2B, 0.8, 27230, 95, 95, 95.0, 4.04422688484
8580_001.2B, 0.8, 9830, 100, 100, 100.0, 1.16143798828
8601_001.2B, 0.8, 29260, 96, 97, 96.5, 3.24437499046
8555_001.2B, 0.8, 21322, 81, 86, 83.5, 2.54008388519
8541_002.2B, 0.8, 26008, 94, 93, 93.5, 4.01171588898
8547_001.2B, 0.8, 9236, 88, 87, 87.5, 0.940657138824
8536_001.2B, 0.8, 22506, 78, 84, 81.0, 4.0771780014
8599_001.2B, 0.8, 18072, 85, 86, 85.5, 2.01369214058
8736_001.2B, 0.8, 16680, 85, 85, 85.0, 2.94536495209
8562_001.2B, 0.8, 9998, 87, 87, 87.0, 1.0102891922
8758_002.2B, 0.8, 31584, 97, 97, 97.0, 4.7313978672
8750_003.2B, 0.8, 26142, 88, 88, 88.0, 1.95410990715
8581_001.2B, 0.8, 18234, 95, 97, 96.0, 1.95086884499
8596_001.2B, 0.8, 16632, 94, 97, 95.5, 2.03820109367
8537_001.2B, 0.8, 8306, 66, 86, 76.0, 1.6721560955
8742_002.2B, 0.8, 8372, 95, 96, 95.5, 0.737509965897
8704_001.2B, 0.8, 14534, 91, 96, 93.5, 1.98570108414
8522_001.2B, 0.8, 25004, 86, 87, 86.5, 4.74211597443
8559_001.2B, 0.8, 18422, 80, 84, 82.0, 3.32525491714
8709_001.2B, 0.8, 19956, 83, 87, 85.0, 3.19235992432
8751_001.2B, 0.8, 19486, 70, 80, 75.0, 1.80390787125
8728_001.2B, 0.8, 17458, 93, 94, 93.5, 1.18795108795
8712_001.2B, 0.8, 23860, 79, 82, 80.5, 5.43412303925
8510_001.2B, 0.8, 21208, 85, 86, 85.5, 3.16244888306
8753_001.2B, 0.8, 39444, 84, 89, 86.5, 7.95439386368
8755_001.2B, 0.8, 19646, 97, 97, 97.0, 1.78027105331
8504_001.2B, 0.8, 15370, 84, 85, 84.5, 2.57941007614
8701_001.2B, 0.8, 20698, 90, 86, 88.0, 2.05557012558
8705_001.2B, 0.8, 20614, 70, 77, 73.5, 3.30925488472
8718_001.2B, 0.8, 18194, 40, 45, 42.5, 6.193764925
8745_001.2B, 0.8, 24014, 80, 82, 81.0, 1.82621884346
8593_001.2B, 0.8, 14958, 86, 88, 87.0, 1.45524311066
8724_001.2B, 0.8, 36812, 43, 76, 59.5, 9.12418699265
8568_001.2B, 0.8, 13420, 81, 82, 81.5, 1.82154202461
8744_001.2B, 0.8, 34182, 83, 85, 84.0, 6.53339481354
8739_001.2B, 0.8, 31740, 95, 94, 94.5, 3.38211989403
8737_001.2B, 0.8, 26918, 98, 98, 98.0, 1.68136906624
8579_001.2B, 0.8, 14208, 59, 71, 65.0, 2.35388112068
8755_002.2B, 0.8, 27442, 97, 97, 97.0, 1.95825004578
8591_001.2B, 0.8, 27092, 96, 96, 96.0, 3.09667301178
8750_004.2B, 0.8, 10146, 87, 86, 86.5, 0.846545934677
8542_001.2B, 0.8, 17500, 87, 88, 87.5, 1.15801382065
8577_001.2B, 0.8, 13168, 73, 72, 72.5, 2.15647482872
8720_001.2B, 0.8, 28618, 83, 89, 86.0, 2.58318209648
8561_001.2B, 0.8, 31766, 95, 96, 95.5, 1.98319101334
8534_001.2B, 0.8, 21694, 94, 97, 95.5, 1.5610640049
8590_001.2B, 0.8, 28500, 75, 81, 78.0, 3.30573105812
8528_001.2B, 0.8, 7286, 83, 97, 90.0, 0.668427944183
8746_001.2B, 0.8, 19926, 92, 95, 93.5, 1.80248904228
8506_001.2B, 0.8, 16206, 75, 82, 78.5, 2.00248003006
8539_001.2B, 0.8, 17214, 87, 89, 88.0, 1.31231999397
8572_001.2B, 0.8, 12526, 83, 91, 87.0, 2.1337749958
8726_001.2B, 0.8, 17502, 81, 84, 82.5, 2.78607010841
8707_001.2B, 0.8, 19814, 87, 90, 88.5, 1.93396282196
8700_001.2B, 0.8, 26490, 87, 90, 88.5, 3.49942302704
8583_001.2B, 0.8, 13640, 78, 81, 79.5, 2.10034394264
8754_001.2B, 0.8, 25768, 90, 90, 90.0, 3.94188380241
8733_002.2B, 0.8, 9678, 94, 90, 92.0, 0.582306146622
8736_002.2B, 0.8, 7190, 81, 82, 81.5, 1.61331605911
8546_001.2B, 0.8, 15902, 81, 84, 82.5, 2.62972402573
8760_002.2B, 0.8, 15592, 91, 93, 92.0, 2.40704894066
8753_002.2B, 0.8, 42836, 94, 94, 94.0, 7.91027498245
8514_001.2B, 0.8, 23804, 64, 67, 65.5, 6.13234496117
8752_003.2B, 0.8, 18262, 76, 76, 76.0, 5.48017001152
8714_001.2B, 0.8, 18434, 83, 89, 86.0, 2.20186495781
8708_001.2B, 0.8, 19554, 94, 95, 94.5, 2.28192400932
8598_001.2B, 0.8, 13202, 96, 97, 96.5, 2.02205300331
8727_001.2B, 0.8, 25184, 86, 86, 86.0, 4.05943179131
8574_002.2B, 0.8, 11138, 49, 51, 50.0, 0.816148042679
8713_001.2B, 0.8, 19834, 89, 91, 90.0, 2.55813002586
8524_001.2B, 0.8, 20662, 82, 90, 86.0, 3.73370218277
8735_001.2B, 0.8, 16818, 84, 89, 86.5, 1.99255299568
8721_003.2B, 0.8, 20048, 88, 84, 86.0, 2.34387302399
8549_001.2B, 0.8, 8740, 73, 83, 78.0, 1.0559630394
8553_001.2B, 0.8, 17762, 95, 96, 95.5, 2.06669998169
8591_002.2B, 0.8, 2758, 85, 92, 88.5, 0.342892885208
8761_001.2B, 0.8, 16754, 76, 96, 86.0, 1.41916799545
8711_001.2B, 0.8, 15578, 81, 81, 81.0, 2.04650807381
8558_001.2B, 0.8, 19692, 83, 85, 84.0, 3.5822968483
8716_001.2B, 0.8, 25314, 88, 90, 89.0, 3.65886807442
8737_002.2B, 0.8, 24702, 98, 99, 98.5, 1.46712994576
8751_002.2B, 0.8, 20564, 94, 94, 94.0, 1.78121781349
8758_004.2B, 0.8, 23230, 94, 95, 94.5, 3.93739795685
8507_001.2B, 0.8, 14342, 73, 78, 75.5, 2.73847293854
8739_002.2B, 0.8, 31214, 91, 91, 91.0, 3.61953902245
8721_001.2B, 0.8, 26448, 90, 86, 88.0, 3.19363093376
8520_002.2B, 0.8, 33754, 94, 95, 94.5, 2.96163010597
8533_001.2B, 0.8, 8250, 97, 96, 96.5, 1.10839414597
8566_001.2B, 0.8, 11800, 93, 96, 94.5, 1.14549922943
8595_001.2B, 0.8, 11386, 94, 94, 94.0, 0.946607112885
8576_001.2B, 0.8, 10530, 80, 87, 83.5, 1.50280594826
8723_002.2B, 0.8, 30602, 97, 97, 97.0, 2.75287008286
8735_002.2B, 0.8, 9138, 87, 92, 89.5, 1.36441016197
8516_001.2B, 0.8, 18012, 72, 76, 74.0, 1.65717506409
8747_001.2B, 0.8, 28922, 84, 80, 82.0, 3.70566082001
8519_001.2B, 0.8, 23434, 89, 92, 90.5, 2.38555288315
8565_001.2B, 0.8, 12874, 97, 97, 97.0, 1.34760499001
8567_001.2B, 0.8, 27548, 59, 60, 59.5, 6.64076399803
8724_002.2B, 0.8, 24658, 84, 85, 84.5, 6.43581700325
8588_001.2B, 0.8, 13030, 92, 92, 92.0, 1.74819803238
8706_001.2B, 0.8, 24884, 92, 89, 90.5, 3.09020900726
8530_001.2B, 0.8, 12478, 75, 92, 83.5, 1.70054793358
8721_002.2B, 0.8, 23264, 85, 83, 84.0, 2.60417699814
8748_002.2B, 0.8, 29714, 96, 87, 91.5, 1.83266496658
8527_001.2B, 0.8, 13838, 73, 77, 75.0, 3.13802099228
8738_001.2B, 0.8, 27888, 78, 88, 83.0, 3.51160502434
8758_003.2B, 0.8, 37110, 97, 97, 97.0, 5.65857696533
8731_001.2B, 0.8, 18738, 68, 74, 71.0, 2.07463312149
8554_001.2B, 0.8, 10034, 91, 91, 91.0, 1.59444999695
8754_002.2B, 0.8, 24430, 84, 86, 85.0, 3.58629393578
8557_001.2B, 0.8, 19590, 72, 79, 75.5, 2.45260882378
8723_001.2B, 0.8, 27614, 90, 91, 90.5, 3.40013599396
8556_001.2B, 0.8, 10294, 95, 95, 95.0, 1.20866799355
8733_001.2B, 0.8, 18332, 90, 90, 90.0, 1.48080205917
8730_001.2B, 0.8, 17154, 88, 90, 89.0, 1.70888590813
8531_001.2B, 0.8, 18932, 89, 92, 90.5, 2.99984002113
8715_001.2B, 0.8, 23416, 66, 71, 68.5, 4.1187210083
8600_001.2B, 0.8, 12060, 94, 94, 94.0, 1.60017204285
8740_001.2B, 0.8, 18336, 77, 90, 83.5, 2.7713830471
8740_002.2B, 0.8, 20850, 89, 90, 89.5, 2.79816389084
8582_001.2B, 0.8, 16808, 93, 93, 93.0, 2.58174014091
8575_001.2B, 0.8, 9216, 89, 91, 90.0, 1.40172696114
8552_001.2B, 0.8, 14532, 80, 83, 81.5, 1.47959399223
8703_001.2B, 0.8, 19614, 77, 83, 80.0, 2.98749709129
8589_001.2B, 0.8, 9160, 67, 71, 69.0, 1.24391007423
8525_001.2B, 0.8, 38840, 91, 92, 91.5, 5.37638998032
8743_002.2B, 0.8, 17014, 94, 94, 94.0, 2.4006998539
8569_001.2B, 0.8, 20414, 61, 77, 69.0, 3.41575193405
8745_002.2B, 0.8, 8118, 91, 90, 90.5, 0.614073991776
8749_001.2B, 0.8, 18316, 84, 87, 85.5, 1.27599906921
8759_001.2B, 0.8, 25588, 89, 91, 90.0, 4.31095004082
8548_001.2B, 0.8, 14784, 85, 89, 87.0, 2.40100598335
8526_001.2B, 0.8, 13596, 86, 89, 87.5, 1.55349397659
8529_001.2B, 0.8, 30706, 90, 91, 90.5, 4.1848731041
8535_001.2B, 0.8, 14234, 38, 44, 41.0, 1.68320083618
8500_001.2B, 0.8, 26220, 95, 100, 97.5, 2.10072398186
8594_001.2B, 0.8, 8962, 76, 80, 78.0, 1.58263492584
8725_001.2B, 0.8, 25152, 92, 92, 92.0, 1.87291288376
8520_001.2B, 0.8, 26838, 89, 88, 88.5, 2.33031010628
8756_001.2B, 0.8, 23138, 91, 91, 91.0, 3.97432398796
8752_002.2B, 0.8, 37138, 84, 83, 83.5, 10.0525770187
8758_001.2B, 0.8, 29842, 88, 94, 91.0, 4.2283949852
8744_002.2B, 0.8, 31854, 56, 55, 55.5, 11.2533819675
8521_001.2B, 0.8, 19142, 77, 81, 79.0, 2.60896110535
8759_003.2B, 0.8, 27046, 91, 91, 91.0, 3.90844607353
8573_001.2B, 0.8, 18724, 91, 91, 91.0, 2.76016688347
8544_001.2B, 0.8, 21442, 83, 83, 83.0, 5.37628078461
8585_001.2B, 0.8, 12362, 95, 97, 96.0, 1.59796690941
8578_001.2B, 0.8, 11800, 74, 77, 75.5, 1.11126708984
8722_001.2B, 0.8, 24682, 93, 94, 93.5, 1.8919467926
8760_001.2B, 0.8, 21374, 90, 90, 90.0, 4.04629302025
8545_001.2B, 0.8, 10338, 76, 87, 81.5, 1.25227594376
8748_001.2B, 0.8, 41642, 60, 64, 62.0, 9.77346491814
8574_001.2B, 0.8, 22902, 89, 96, 92.5, 1.90002393723
8587_001.2B, 0.8, 13644, 95, 95, 95.0, 1.51550602913
8515_001.2B, 0.8, 14306, 80, 83, 81.5, 2.23005795479
8512_001.2B, 0.8, 5920, 39, 48, 43.5, 0.869672060013
8563_001.2B, 0.8, 18560, 73, 76, 74.5, 3.41429114342
8551_001.2B, 0.8, 9874, 79, 88, 83.5, 1.52875614166
8741_001.2B, 0.8, 16658, 84, 83, 83.5, 1.74548697472
8503_001.2B, 0.8, 24614, 96, 97, 96.5, 2.05195021629
8550_001.2B, 0.8, 14708, 84, 96, 90.0, 1.21443891525
8560_001.2B, 0.8, 19610, 92, 92, 92.0, 1.81193995476
8743_001.2B, 0.8, 26706, 94, 95, 94.5, 3.50422906876
8540_001.2B, 0.8, 17464, 95, 96, 95.5, 2.08649396896
8719_001.2B, 0.8, 20418, 83, 85, 84.0, 3.60189414024
8518_001.2B, 0.8, 12296, 70, 84, 77.0, 1.64740419388
8702_001.2B, 0.8, 24600, 81, 83, 82.0, 4.87529802322
8750_002.2B, 0.8, 27824, 84, 84, 84.0, 2.32132482529
8513_001.2B, 0.8, 16744, 47, 46, 46.5, 4.10320115089
8734_002.2B, 0.8, 23516, 87, 88, 87.5, 2.04555106163
8505_001.2B, 0.8, 58244, 96, 96, 96.0, 2.70196008682
8509_001.2B, 0.8, 35774, 89, 92, 90.5, 4.00350403786
8517_001.2B, 0.8, 10064, 92, 95, 93.5, 0.740970134735
8742_001.2B, 0.8, 23236, 96, 96, 96.0, 1.79158806801
8586_001.2B, 0.8, 8054, 67, 89, 78.0, 0.878443956375
8571_001.2B, 0.8, 22286, 83, 82, 82.5, 3.08756613731
8541_001.2B, 0.7, 24520, 66, 65, 65.5, 11.7802729607
8597_001.2B, 0.7, 12780, 81, 84, 82.5, 2.74220991135
8741_002.2B, 0.7, 9192, 92, 94, 93.0, 1.36595082283
8750_001.2B, 0.7, 20826, 40, 44, 42.0, 2.8505320549
8752_001.2B, 0.7, 27240, 17, 16, 16.5, 16.7119419575
8564_001.2B, 0.7, 18624, 71, 74, 72.5, 2.89291095734
8502_001.2B, 0.7, 22304, 89, 90, 89.5, 2.31913089752
8717_001.2B, 0.7, 20434, 76, 75, 75.5, 3.938352108
8520_003.2B, 0.7, 22308, 77, 79, 78.0, 7.86501693726
8747_002.2B, 0.7, 26200, 97, 98, 97.5, 1.81381082535
8749_002.2B, 0.7, 24394, 76, 61, 68.5, 2.34915494919
8529_002.2B, 0.7, 5140, 72, 82, 77.0, 1.31066393852
8729_001.2B, 0.7, 23840, 82, 82, 82.0, 4.67854118347
8523_001.2B, 0.7, 26862, 29, 29, 29.0, 9.96052384377
8710_001.2B, 0.7, 13876, 35, 33, 34.0, 7.64511108398
8584_001.2B, 0.7, 19214, 94, 95, 94.5, 3.16666698456
8501_001.2B, 0.7, 9624, 87, 90, 88.5, 1.04295492172
8592_001.2B, 0.7, 12624, 94, 94, 94.0, 1.09077191353
8570_001.2B, 0.7, 6668, 73, 76, 74.5, 1.35123896599
8508_001.2B, 0.7, 27932, 89, 91, 90.0, 4.42442512512
8759_004.2B, 0.7, 25490, 61, 64, 62.5, 6.62498283386
8734_001.2B, 0.7, 20720, 56, 57, 56.5, 5.66737294197
8538_001.2B, 0.7, 17168, 91, 92, 91.5, 3.63438105583
8759_002.2B, 0.7, 24246, 93, 94, 93.5, 4.63740491867
8580_001.2B, 0.7, 8706, 98, 98, 98.0, 1.25098395348
8601_001.2B, 0.7, 25706, 94, 95, 94.5, 3.77526783943
8555_001.2B, 0.7, 18790, 85, 87, 86.0, 2.75414586067
8541_002.2B, 0.7, 22904, 64, 64, 64.0, 9.25910806656
8547_001.2B, 0.7, 8026, 84, 90, 87.0, 1.05155301094
8536_001.2B, 0.7, 19800, 75, 79, 77.0, 4.59478807449
8599_001.2B, 0.7, 16028, 86, 87, 86.5, 2.09137988091
8736_001.2B, 0.7, 14710, 83, 84, 83.5, 3.95274686813
8562_001.2B, 0.7, 9092, 90, 85, 87.5, 0.869989156723
8758_002.2B, 0.7, 28386, 95, 95, 95.0, 4.8775780201
8750_003.2B, 0.7, 23126, 88, 88, 88.0, 2.09574604034
8581_001.2B, 0.7, 16188, 98, 98, 98.0, 2.01366090775
8596_001.2B, 0.7, 14626, 96, 98, 97.0, 2.28906416893
8537_001.2B, 0.7, 7188, 37, 50, 43.5, 2.5788500309
8742_002.2B, 0.7, 7410, 95, 96, 95.5, 0.74617600441
8704_001.2B, 0.7, 12736, 85, 90, 87.5, 2.43987894058
8522_001.2B, 0.7, 21832, 80, 82, 81.0, 6.02881503105
8559_001.2B, 0.7, 16232, 72, 78, 75.0, 3.30100512505
8709_001.2B, 0.7, 17568, 80, 83, 81.5, 3.41162395477
8751_001.2B, 0.7, 17004, 68, 76, 72.0, 3.76544809341
8728_001.2B, 0.7, 15418, 91, 93, 92.0, 1.28763413429
8712_001.2B, 0.7, 21066, 39, 41, 40.0, 10.0135660172
8510_001.2B, 0.7, 18606, 82, 83, 82.5, 4.03129506111
8753_001.2B, 0.7, 34790, 81, 83, 82.0, 9.25542998314
8755_001.2B, 0.7, 17552, 94, 95, 94.5, 2.31584811211
8504_001.2B, 0.7, 13550, 81, 82, 81.5, 2.63341903687
8701_001.2B, 0.7, 18304, 83, 81, 82.0, 2.48099207878
8705_001.2B, 0.7, 18164, 71, 79, 75.0, 3.61463093758
8718_001.2B, 0.7, 15740, 25, 23, 24.0, 6.23838019371
8745_001.2B, 0.7, 20848, 83, 84, 83.5, 1.76116299629
8593_001.2B, 0.7, 13030, 85, 85, 85.0, 1.48245310783
8724_001.2B, 0.7, 31728, 28, 41, 34.5, 11.2227649689
8568_001.2B, 0.7, 11814, 78, 79, 78.5, 1.78252792358
8744_001.2B, 0.7, 30208, 71, 73, 72.0, 10.5470230579
8739_001.2B, 0.7, 28088, 91, 92, 91.5, 3.75858211517
8737_001.2B, 0.7, 23698, 97, 97, 97.0, 1.76169896126
8579_001.2B, 0.7, 12428, 46, 53, 49.5, 3.50791788101
8755_002.2B, 0.7, 24380, 93, 94, 93.5, 4.02359390259
8591_001.2B, 0.7, 23900, 93, 93, 93.0, 3.40694212914
8750_004.2B, 0.7, 8908, 63, 66, 64.5, 1.05845999718
8542_001.2B, 0.7, 15444, 93, 94, 93.5, 1.36213994026
8577_001.2B, 0.7, 11538, 73, 73, 73.0, 2.35989379883
8720_001.2B, 0.7, 25300, 84, 85, 84.5, 5.45539999008
8561_001.2B, 0.7, 27690, 82, 85, 83.5, 3.02238297462
8534_001.2B, 0.7, 18936, 95, 97, 96.0, 1.59787297249
8590_001.2B, 0.7, 24856, 50, 55, 52.5, 6.79648804665
8528_001.2B, 0.7, 6364, 86, 88, 87.0, 0.731900930405
8746_001.2B, 0.7, 17556, 82, 83, 82.5, 5.61244106293
8506_001.2B, 0.7, 14282, 75, 80, 77.5, 3.21090984344
8539_001.2B, 0.7, 15126, 87, 90, 88.5, 1.3594648838
8572_001.2B, 0.7, 10982, 77, 86, 81.5, 3.33725786209
8726_001.2B, 0.7, 15498, 80, 82, 81.0, 3.06208491325
8707_001.2B, 0.7, 17450, 84, 85, 84.5, 1.90083694458
8700_001.2B, 0.7, 23492, 85, 88, 86.5, 4.04531884193
8583_001.2B, 0.7, 12184, 69, 70, 69.5, 3.53657603264
8754_001.2B, 0.7, 22594, 82, 83, 82.5, 4.52502584457
8733_002.2B, 0.7, 8452, 93, 89, 91.0, 0.564738035202
8736_002.2B, 0.7, 6360, 72, 70, 71.0, 1.76784896851
8546_001.2B, 0.7, 14156, 77, 78, 77.5, 2.91706109047
8760_002.2B, 0.7, 13976, 88, 89, 88.5, 2.61396503448
8753_002.2B, 0.7, 38004, 91, 92, 91.5, 9.09818410873
8514_001.2B, 0.7, 21062, 54, 55, 54.5, 6.19014406204
8752_003.2B, 0.7, 15944, 20, 18, 19.0, 9.89053893089
8714_001.2B, 0.7, 16310, 82, 88, 85.0, 2.40847396851
8708_001.2B, 0.7, 17346, 88, 89, 88.5, 2.67085504532
8598_001.2B, 0.7, 11654, 95, 96, 95.5, 2.1680328846
8727_001.2B, 0.7, 22384, 77, 77, 77.0, 5.75570607185
8574_002.2B, 0.7, 9708, 94, 97, 95.5, 0.897958993912
8713_001.2B, 0.7, 17504, 90, 93, 91.5, 2.65325713158
8524_001.2B, 0.7, 18150, 77, 85, 81.0, 3.96634912491
8735_001.2B, 0.7, 14818, 78, 82, 80.0, 3.40561819077
8721_003.2B, 0.7, 17590, 87, 84, 85.5, 2.39332389832
8549_001.2B, 0.7, 7734, 69, 77, 73.0, 1.0424258709
8553_001.2B, 0.7, 15724, 92, 94, 93.0, 2.20156598091
8591_002.2B, 0.7, 2496, 84, 84, 84.0, 0.385294914246
8761_001.2B, 0.7, 14648, 78, 94, 86.0, 1.48292398453
8711_001.2B, 0.7, 13730, 82, 82, 82.0, 2.4319229126
8558_001.2B, 0.7, 17452, 75, 76, 75.5, 3.70309495926
8716_001.2B, 0.7, 22358, 86, 88, 87.0, 4.11110782623
8737_002.2B, 0.7, 21674, 97, 97, 97.0, 1.48586201668
8751_002.2B, 0.7, 18248, 84, 85, 84.5, 4.2090959549
8758_004.2B, 0.7, 20662, 92, 93, 92.5, 4.3997399807
8507_001.2B, 0.7, 12420, 69, 72, 70.5, 2.93908691406
8739_002.2B, 0.7, 27268, 89, 89, 89.0, 3.87732815742
8721_001.2B, 0.7, 23146, 84, 82, 83.0, 3.64622497559
8520_002.2B, 0.7, 29660, 52, 54, 53.0, 10.7659299374
8533_001.2B, 0.7, 7230, 98, 98, 98.0, 1.05297517776
8566_001.2B, 0.7, 10412, 85, 91, 88.0, 1.05716514587
8595_001.2B, 0.7, 10018, 92, 94, 93.0, 1.24857211113
8576_001.2B, 0.7, 9356, 57, 61, 59.0, 3.30678915977
8723_002.2B, 0.7, 26778, 96, 97, 96.5, 2.93759298325
8735_002.2B, 0.7, 8232, 89, 89, 89.0, 1.40904402733
8516_001.2B, 0.7, 15650, 41, 44, 42.5, 1.75692200661
8747_001.2B, 0.7, 25492, 79, 72, 75.5, 3.67649817467
8519_001.2B, 0.7, 20452, 88, 90, 89.0, 2.83188605309
8565_001.2B, 0.7, 11346, 92, 93, 92.5, 1.44713282585
8567_001.2B, 0.7, 23706, 59, 60, 59.5, 6.59607601166
8724_002.2B, 0.7, 21774, 52, 54, 53.0, 9.06081104279
8588_001.2B, 0.7, 11574, 89, 92, 90.5, 1.8228290081
8706_001.2B, 0.7, 21696, 91, 88, 89.5, 3.82301616669
8530_001.2B, 0.7, 11036, 85, 95, 90.0, 1.50320291519
8721_002.2B, 0.7, 20484, 85, 78, 81.5, 2.97596287727
8748_002.2B, 0.7, 26018, 94, 87, 90.5, 1.73462104797
8527_001.2B, 0.7, 12316, 63, 65, 64.0, 4.10713195801
8738_001.2B, 0.7, 24008, 75, 85, 80.0, 4.98562502861
8758_003.2B, 0.7, 33038, 96, 96, 96.0, 6.2618060112
8731_001.2B, 0.7, 15896, 54, 57, 55.5, 4.53952097893
8554_001.2B, 0.7, 8900, 91, 93, 92.0, 1.64640498161
8754_002.2B, 0.7, 21418, 82, 85, 83.5, 4.17030692101
8557_001.2B, 0.7, 17150, 69, 76, 72.5, 2.68566298485
8723_001.2B, 0.7, 24342, 87, 90, 88.5, 3.23682999611
8556_001.2B, 0.7, 8948, 92, 92, 92.0, 1.4415500164
8733_001.2B, 0.7, 16078, 88, 90, 89.0, 1.58466291428
8730_001.2B, 0.7, 15090, 71, 73, 72.0, 5.54692602158
8531_001.2B, 0.7, 16718, 86, 89, 87.5, 3.16116404533
8715_001.2B, 0.7, 20634, 73, 73, 73.0, 5.32136106491
8600_001.2B, 0.7, 10732, 92, 94, 93.0, 1.82506299019
8740_001.2B, 0.7, 15882, 67, 72, 69.5, 4.79466795921
8740_002.2B, 0.7, 18502, 70, 73, 71.5, 5.32235908508
8582_001.2B, 0.7, 14924, 61, 61, 61.0, 5.11226701736
8575_001.2B, 0.7, 8230, 79, 82, 80.5, 2.24435806274
8552_001.2B, 0.7, 12894, 81, 83, 82.0, 1.84033584595
8703_001.2B, 0.7, 17224, 83, 75, 79.0, 2.81907200813
8589_001.2B, 0.7, 8070, 78, 82, 80.0, 1.44486403465
8525_001.2B, 0.7, 32736, 86, 89, 87.5, 7.20963716507
8743_002.2B, 0.7, 15046, 93, 93, 93.0, 3.1755361557
8569_001.2B, 0.7, 17776, 58, 73, 65.5, 3.0203769207
8745_002.2B, 0.7, 7062, 90, 90, 90.0, 0.594865083694
8749_001.2B, 0.7, 16086, 82, 86, 84.0, 1.28204798698
8759_001.2B, 0.7, 22428, 83, 85, 84.0, 4.60218787193
8548_001.2B, 0.7, 13116, 90, 93, 91.5, 2.38892412186
8526_001.2B, 0.7, 11974, 78, 90, 84.0, 1.58431720734
8529_001.2B, 0.7, 27348, 90, 91, 90.5, 4.71389913559
8535_001.2B, 0.7, 12294, 30, 34, 32.0, 1.85557103157
8500_001.2B, 0.7, 23038, 94, 98, 96.0, 2.6183450222
8594_001.2B, 0.7, 7926, 75, 77, 76.0, 1.41848278046
8725_001.2B, 0.7, 22074, 75, 75, 75.0, 2.19954800606
8520_001.2B, 0.7, 23572, 73, 72, 72.5, 8.84087896347
8756_001.2B, 0.7, 20294, 81, 82, 81.5, 4.85266685486
8752_002.2B, 0.7, 32434, 21, 20, 20.5, 20.3823509216
8758_001.2B, 0.7, 26132, 88, 93, 90.5, 4.49940514565
8744_002.2B, 0.7, 28306, 34, 35, 34.5, 15.6617970467
8521_001.2B, 0.7, 16688, 77, 79, 78.0, 2.49422097206
8759_003.2B, 0.7, 23944, 90, 89, 89.5, 4.23114395142
8573_001.2B, 0.7, 16702, 85, 86, 85.5, 3.04080486298
8544_001.2B, 0.7, 18824, 50, 49, 49.5, 7.48930978775
8585_001.2B, 0.7, 10928, 91, 93, 92.0, 1.70077013969
8578_001.2B, 0.7, 10528, 74, 76, 75.0, 1.77717590332
8722_001.2B, 0.7, 21704, 93, 93, 93.0, 2.16559100151
8760_001.2B, 0.7, 18810, 82, 82, 82.0, 4.40105581284
8545_001.2B, 0.7, 9184, 76, 86, 81.0, 1.23059105873
8748_001.2B, 0.7, 36050, 53, 55, 54.0, 9.35817694664
8574_001.2B, 0.7, 19998, 87, 93, 90.0, 2.21424508095
8587_001.2B, 0.7, 11990, 93, 93, 93.0, 1.5944890976
8515_001.2B, 0.7, 12624, 75, 75, 75.0, 2.69158697128
8512_001.2B, 0.7, 5230, 67, 73, 70.0, 0.485925912857
8563_001.2B, 0.7, 16314, 69, 71, 70.0, 3.3815510273
8551_001.2B, 0.7, 8674, 74, 86, 80.0, 1.46592617035
8741_001.2B, 0.7, 14592, 81, 81, 81.0, 2.87882184982
8503_001.2B, 0.7, 21822, 94, 95, 94.5, 1.95966815948
8550_001.2B, 0.7, 12844, 89, 98, 93.5, 1.30718684196
8560_001.2B, 0.7, 17416, 93, 93, 93.0, 1.86832594872
8743_001.2B, 0.7, 23290, 92, 93, 92.5, 3.85813999176
8540_001.2B, 0.7, 15230, 95, 96, 95.5, 2.26615309715
8719_001.2B, 0.7, 18050, 77, 79, 78.0, 4.41579294205
8518_001.2B, 0.7, 10772, 61, 79, 70.0, 1.77120494843
8702_001.2B, 0.7, 21586, 31, 32, 31.5, 9.90634703636
8750_002.2B, 0.7, 24476, 60, 61, 60.5, 2.28558278084
8513_001.2B, 0.7, 14710, 41, 43, 42.0, 4.03765082359
8734_002.2B, 0.7, 20640, 70, 71, 70.5, 5.63542604446
8505_001.2B, 0.7, 43768, 89, 92, 90.5, 3.12366318703
8509_001.2B, 0.7, 31584, 92, 94, 93.0, 4.43094396591
8517_001.2B, 0.7, 8920, 93, 96, 94.5, 0.818212032318
8742_001.2B, 0.7, 20248, 93, 93, 93.0, 2.03156900406
8586_001.2B, 0.7, 7122, 60, 76, 68.0, 0.874390125275
8571_001.2B, 0.7, 19774, 67, 67, 67.0, 4.94866681099
8541_001.2B, 0.6, 21558, 41, 40, 40.5, 11.0303580761
8597_001.2B, 0.6, 11336, 72, 75, 73.5, 3.3552339077
8741_002.2B, 0.6, 7902, 67, 68, 67.5, 2.8876349926
8750_001.2B, 0.6, 18388, 25, 26, 25.5, 2.86202788353
8752_001.2B, 0.6, 23872, 3, 2, 2.5, 14.8255650997
8564_001.2B, 0.6, 16494, 66, 68, 67.0, 4.15625905991
8502_001.2B, 0.6, 19652, 80, 83, 81.5, 3.58272099495
8717_001.2B, 0.6, 17952, 64, 64, 64.0, 4.9299890995
8520_003.2B, 0.6, 19846, 46, 47, 46.5, 3.02091002464
8747_002.2B, 0.6, 22804, 94, 94, 94.0, 2.60887694359
8749_002.2B, 0.6, 21364, 72, 57, 64.5, 3.69388985634
8529_002.2B, 0.6, 4566, 65, 76, 70.5, 1.36713886261
8729_001.2B, 0.6, 20896, 41, 41, 41.0, 9.68564009666
8523_001.2B, 0.6, 23566, 6, 6, 6.0, 9.48213505745
8710_001.2B, 0.6, 12404, 14, 14, 14.0, 7.01569509506
8584_001.2B, 0.6, 16906, 68, 69, 68.5, 6.58319997787
8501_001.2B, 0.6, 8434, 79, 81, 80.0, 1.27919602394
8592_001.2B, 0.6, 11198, 91, 91, 91.0, 1.88565516472
8570_001.2B, 0.6, 5898, 73, 75, 74.0, 1.50234508514
8508_001.2B, 0.6, 24602, 84, 87, 85.5, 4.91316199303
8759_004.2B, 0.6, 22344, 51, 49, 50.0, 9.19315099716
8734_001.2B, 0.6, 18428, 28, 29, 28.5, 5.9542760849
8538_001.2B, 0.6, 15128, 20, 20, 20.0, 6.5923781395
8759_002.2B, 0.6, 21204, 79, 79, 79.0, 7.61844682693
8580_001.2B, 0.6, 7704, 97, 97, 97.0, 1.52776694298
8601_001.2B, 0.6, 22500, 95, 96, 95.5, 4.4455280304
8555_001.2B, 0.6, 16436, 80, 83, 81.5, 2.99922299385
8541_002.2B, 0.6, 20082, 42, 42, 42.0, 9.67837786674
8547_001.2B, 0.6, 6968, 86, 87, 86.5, 1.11123609543
8536_001.2B, 0.6, 17334, 73, 78, 75.5, 5.04430007935
8599_001.2B, 0.6, 14008, 82, 82, 82.0, 2.41546797752
8736_001.2B, 0.6, 12894, 21, 20, 20.5, 7.28460717201
8562_001.2B, 0.6, 7924, 76, 73, 74.5, 1.4770450592
8758_002.2B, 0.6, 25010, 55, 54, 54.5, 14.2433378696
8750_003.2B, 0.6, 20370, 43, 43, 43.0, 2.80423402786
8581_001.2B, 0.6, 14184, 93, 93, 93.0, 2.65439581871
8596_001.2B, 0.6, 12846, 92, 94, 93.0, 2.75014805794
8537_001.2B, 0.6, 6326, 27, 30, 28.5, 2.10591483116
8742_002.2B, 0.6, 6302, 92, 93, 92.5, 0.913194894791
8704_001.2B, 0.6, 11280, 80, 83, 81.5, 2.78753209114
8522_001.2B, 0.6, 19220, 28, 24, 26.0, 11.397315979
8559_001.2B, 0.6, 14134, 68, 71, 69.5, 3.23338699341
8709_001.2B, 0.6, 15594, 79, 82, 80.5, 3.63744592667
8751_001.2B, 0.6, 14774, 71, 70, 70.5, 1.9757399559
8728_001.2B, 0.6, 13462, 90, 92, 91.0, 1.340747118
8712_001.2B, 0.6, 18576, 5, 6, 5.5, 10.0743350983
8510_001.2B, 0.6, 16304, 40, 40, 40.0, 8.13775420189
8753_001.2B, 0.6, 30634, 39, 39, 39.0, 20.2892179489
8755_001.2B, 0.6, 15278, 75, 75, 75.0, 6.13874816895
8504_001.2B, 0.6, 11872, 73, 76, 74.5, 3.61830592155
8701_001.2B, 0.6, 16176, 84, 79, 81.5, 3.47501015663
8705_001.2B, 0.6, 15598, 31, 33, 32.0, 6.24275588989
8718_001.2B, 0.6, 13844, 9, 7, 8.0, 7.60909676552
8745_001.2B, 0.6, 18108, 83, 79, 81.0, 1.95394611359
8593_001.2B, 0.6, 11640, 69, 68, 68.5, 1.73338198662
8724_001.2B, 0.6, 27396, 22, 25, 23.5, 8.82007193565
8568_001.2B, 0.6, 10242, 73, 75, 74.0, 1.94321703911
8744_001.2B, 0.6, 26650, 21, 21, 21.0, 12.2569601536
8739_001.2B, 0.6, 24650, 90, 90, 90.0, 4.27193808556
8737_001.2B, 0.6, 20826, 95, 96, 95.5, 1.93067502975
8579_001.2B, 0.6, 10658, 25, 33, 29.0, 1.82257318497
8755_002.2B, 0.6, 21352, 83, 84, 83.5, 7.70414495468
8591_001.2B, 0.6, 21098, 56, 56, 56.0, 9.53678798676
8750_004.2B, 0.6, 7856, 41, 40, 40.5, 1.09526896477
8542_001.2B, 0.6, 13552, 89, 89, 89.0, 1.67806792259
8577_001.2B, 0.6, 10086, 46, 44, 45.0, 4.2386469841
8720_001.2B, 0.6, 22318, 62, 63, 62.5, 4.23242020607
8561_001.2B, 0.6, 24240, 95, 94, 94.5, 2.6034860611
8534_001.2B, 0.6, 16684, 91, 93, 92.0, 2.27000594139
8590_001.2B, 0.6, 21764, 34, 36, 35.0, 3.00785708427
8528_001.2B, 0.6, 5674, 76, 77, 76.5, 0.766199111938
8746_001.2B, 0.6, 15436, 84, 83, 83.5, 4.52532100677
8506_001.2B, 0.6, 12596, 54, 58, 56.0, 2.34442615509
8539_001.2B, 0.6, 13074, 61, 61, 61.0, 1.98315596581
8572_001.2B, 0.6, 9758, 42, 45, 43.5, 3.62224078178
8726_001.2B, 0.6, 13478, 74, 74, 74.0, 4.70387291908
8707_001.2B, 0.6, 15240, 74, 77, 75.5, 2.78505897522
8700_001.2B, 0.6, 20752, 79, 81, 80.0, 5.69639778137
8583_001.2B, 0.6, 10664, 44, 45, 44.5, 3.64714002609
8754_001.2B, 0.6, 20200, 81, 81, 81.0, 5.52629208565
8733_002.2B, 0.6, 7476, 82, 79, 80.5, 1.51217699051
8736_002.2B, 0.6, 5478, 12, 12, 12.0, 2.47670292854
8546_001.2B, 0.6, 12486, 27, 27, 27.0, 6.20679497719
8760_002.2B, 0.6, 12226, 65, 66, 65.5, 4.5785369873
8753_002.2B, 0.6, 34132, 8, 7, 7.5, 18.7374639511
8514_001.2B, 0.6, 18462, 45, 46, 45.5, 5.74138379097
8752_003.2B, 0.6, 14296, 8, 7, 7.5, 7.82140803337
8714_001.2B, 0.6, 14340, 83, 87, 85.0, 2.09515309334
8708_001.2B, 0.6, 15220, 82, 84, 83.0, 3.48302602768
8598_001.2B, 0.6, 10204, 69, 69, 69.0, 4.19030594826
8727_001.2B, 0.6, 19774, 35, 34, 34.5, 10.5097999573
8574_002.2B, 0.6, 8492, 33, 35, 34.0, 1.47488617897
8713_001.2B, 0.6, 15360, 84, 86, 85.0, 3.45026898384
8524_001.2B, 0.6, 15844, 37, 41, 39.0, 2.75921607018
8735_001.2B, 0.6, 13010, 44, 45, 44.5, 5.54493999481
8721_003.2B, 0.6, 15382, 83, 83, 83.0, 2.95685100555
8549_001.2B, 0.6, 6706, 45, 49, 47.0, 1.34586191177
8553_001.2B, 0.6, 13908, 55, 55, 55.0, 2.19906997681
8591_002.2B, 0.6, 2128, 44, 44, 44.0, 0.594365119934
8761_001.2B, 0.6, 12746, 79, 93, 86.0, 1.53844809532
8711_001.2B, 0.6, 11978, 45, 55, 50.0, 3.95209002495
8558_001.2B, 0.6, 15492, 58, 60, 59.0, 3.95574498177
8716_001.2B, 0.6, 19502, 79, 78, 78.5, 3.6128308773
8737_002.2B, 0.6, 18922, 95, 95, 95.0, 1.61949014664
8751_002.2B, 0.6, 15968, 82, 83, 82.5, 3.73347592354
8758_004.2B, 0.6, 18470, 68, 66, 67.0, 10.1049869061
8507_001.2B, 0.6, 10994, 48, 50, 49.0, 3.65052604675
8739_002.2B, 0.6, 24144, 82, 83, 82.5, 4.18440580368
8721_001.2B, 0.6, 20322, 78, 79, 78.5, 3.80157589912
8520_002.2B, 0.6, 26154, 35, 36, 35.5, 3.69527006149
8533_001.2B, 0.6, 6404, 72, 71, 71.5, 2.5398709774
8566_001.2B, 0.6, 9270, 83, 86, 84.5, 1.59576010704
8595_001.2B, 0.6, 8756, 91, 91, 91.0, 1.41487121582
8576_001.2B, 0.6, 8284, 42, 45, 43.5, 1.58880901337
8723_002.2B, 0.6, 23446, 94, 95, 94.5, 3.2876701355
8735_002.2B, 0.6, 7060, 48, 50, 49.0, 2.91234493256
8516_001.2B, 0.6, 13834, 27, 28, 27.5, 2.26284503937
8747_001.2B, 0.6, 22312, 76, 70, 73.0, 4.48456716537
8519_001.2B, 0.6, 17666, 85, 87, 86.0, 3.14286804199
8565_001.2B, 0.6, 9982, 94, 95, 94.5, 1.53991699219
8567_001.2B, 0.6, 20836, 42, 42, 42.0, 8.82443809509
8724_002.2B, 0.6, 19262, 33, 34, 33.5, 8.67222499847
8588_001.2B, 0.6, 10260, 69, 70, 69.5, 3.39091897011
8706_001.2B, 0.6, 19060, 81, 79, 80.0, 5.50143003464
8530_001.2B, 0.6, 9760, 75, 84, 79.5, 2.04333591461
8721_002.2B, 0.6, 17950, 84, 78, 81.0, 3.18322515488
8748_002.2B, 0.6, 22760, 92, 85, 88.5, 3.65974807739
8527_001.2B, 0.6, 10946, 22, 22, 22.0, 5.5918598175
8738_001.2B, 0.6, 21198, 66, 73, 69.5, 8.06027388573
8758_003.2B, 0.6, 29270, 71, 71, 71.0, 14.532392025
8731_001.2B, 0.6, 13320, 33, 35, 34.0, 3.572701931
8554_001.2B, 0.6, 7822, 48, 47, 47.5, 3.88850712776
8754_002.2B, 0.6, 18646, 53, 54, 53.5, 8.69265079498
8557_001.2B, 0.6, 15038, 67, 72, 69.5, 2.70905017853
8723_001.2B, 0.6, 21314, 88, 90, 89.0, 3.60540485382
8556_001.2B, 0.6, 7872, 86, 86, 86.0, 1.55911278725
8733_001.2B, 0.6, 14054, 78, 78, 78.0, 4.43154883385
8730_001.2B, 0.6, 13268, 28, 29, 28.5, 1.97575712204
8531_001.2B, 0.6, 14832, 71, 72, 71.5, 5.77402496338
8715_001.2B, 0.6, 18160, 52, 54, 53.0, 6.48371577263
8600_001.2B, 0.6, 9398, 86, 87, 86.5, 2.08742380142
8740_001.2B, 0.6, 13974, 49, 55, 52.0, 4.70661997795
8740_002.2B, 0.6, 16284, 42, 46, 44.0, 6.26814317703
8582_001.2B, 0.6, 13134, 34, 33, 33.5, 6.41937804222
8575_001.2B, 0.6, 7130, 49, 50, 49.5, 1.54295396805
8552_001.2B, 0.6, 11298, 44, 45, 44.5, 1.80376386642
8703_001.2B, 0.6, 14908, 72, 68, 70.0, 3.94449186325
8589_001.2B, 0.6, 7076, 69, 68, 68.5, 2.73754000664
8525_001.2B, 0.6, 28720, 63, 63, 63.0, 13.5545289516
8743_002.2B, 0.6, 13336, 65, 66, 65.5, 6.25537085533
8569_001.2B, 0.6, 15446, 62, 73, 67.5, 3.21377801895
8745_002.2B, 0.6, 6288, 81, 80, 80.5, 0.69593501091
8749_001.2B, 0.6, 14088, 78, 80, 79.0, 2.48332595825
8759_001.2B, 0.6, 19782, 65, 66, 65.5, 7.36686897278
8548_001.2B, 0.6, 11478, 51, 51, 51.0, 4.91701292992
8526_001.2B, 0.6, 10538, 71, 78, 74.5, 2.74782800674
8529_001.2B, 0.6, 24056, 82, 83, 82.5, 6.0585000515
8535_001.2B, 0.6, 10652, 23, 25, 24.0, 1.89229607582
8500_001.2B, 0.6, 20086, 79, 85, 82.0, 5.02712202072
8594_001.2B, 0.6, 6942, 74, 76, 75.0, 1.73280596733
8725_001.2B, 0.6, 19322, 75, 75, 75.0, 3.53918504715
8520_001.2B, 0.6, 20796, 49, 50, 49.5, 3.71992397308
8756_001.2B, 0.6, 17830, 41, 41, 41.0, 8.79966306686
8752_002.2B, 0.6, 28810, 5, 4, 4.5, 18.0420320034
8758_001.2B, 0.6, 23220, 57, 59, 58.0, 11.1997869015
8744_002.2B, 0.6, 24764, 13, 13, 13.0, 13.5020070076
8521_001.2B, 0.6, 14668, 65, 68, 66.5, 3.53532886505
8759_003.2B, 0.6, 21092, 82, 81, 81.5, 7.35695290565
8573_001.2B, 0.6, 14666, 78, 77, 77.5, 3.72754693031
8544_001.2B, 0.6, 16730, 21, 18, 19.5, 9.61979818344
8585_001.2B, 0.6, 9462, 91, 93, 92.0, 2.05411291122
8578_001.2B, 0.6, 9176, 75, 66, 70.5, 1.83282017708
8722_001.2B, 0.6, 18972, 85, 86, 85.5, 3.14528298378
8760_001.2B, 0.6, 16616, 42, 41, 41.5, 6.9395160675
8545_001.2B, 0.6, 8130, 64, 71, 67.5, 1.59131407738
8748_001.2B, 0.6, 30834, 53, 53, 53.0, 10.8826680183
8574_001.2B, 0.6, 17360, 68, 69, 68.5, 2.72951698303
8587_001.2B, 0.6, 10490, 91, 89, 90.0, 1.93040084839
8515_001.2B, 0.6, 11102, 70, 71, 70.5, 2.69961500168
8512_001.2B, 0.6, 4530, 61, 64, 62.5, 0.898498058319
8563_001.2B, 0.6, 14414, 62, 63, 62.5, 4.17496299744
8551_001.2B, 0.6, 7636, 71, 76, 73.5, 1.543872118
8741_001.2B, 0.6, 12906, 64, 62, 63.0, 2.39449095726
8503_001.2B, 0.6, 19040, 86, 87, 86.5, 3.22641205788
8550_001.2B, 0.6, 11200, 88, 91, 89.5, 2.23828601837
8560_001.2B, 0.6, 15262, 72, 73, 72.5, 3.28093099594
8743_001.2B, 0.6, 20048, 67, 69, 68.0, 9.00057220459
8540_001.2B, 0.6, 13500, 91, 93, 92.0, 2.7099981308
8719_001.2B, 0.6, 15822, 44, 46, 45.0, 7.51285505295
8518_001.2B, 0.6, 9446, 69, 76, 72.5, 1.57474303246
8702_001.2B, 0.6, 19202, 8, 8, 8.0, 10.3913748264
8750_002.2B, 0.6, 21604, 15, 16, 15.5, 2.74862003326
8513_001.2B, 0.6, 12972, 41, 43, 42.0, 3.3461561203
8734_002.2B, 0.6, 18142, 29, 29, 29.0, 7.54020810127
8505_001.2B, 0.6, 32098, 41, 42, 41.5, 7.87803602219
8509_001.2B, 0.6, 27660, 90, 91, 90.5, 5.48322486877
8517_001.2B, 0.6, 7870, 89, 90, 89.5, 0.888447999954
8742_001.2B, 0.6, 17698, 91, 91, 91.0, 2.39527201653
8586_001.2B, 0.6, 6134, 64, 68, 66.0, 1.44703507423
8571_001.2B, 0.6, 17430, 61, 59, 60.0, 2.53539395332
8541_001.2B, 0.5, 18360, 2, 1, 1.5, 10.2909379005
8597_001.2B, 0.5, 9538, 4, 4, 4.0, 3.79163098335
8741_002.2B, 0.5, 6846, 17, 17, 17.0, 2.75848793983
8750_001.2B, 0.5, 14754, 0, 0, 0.0, 2.16744589806
8752_001.2B, 0.5, 19714, 0, 0, 0.0, 9.60379219055
8564_001.2B, 0.5, 13516, 9, 8, 8.5, 1.77852797508
8502_001.2B, 0.5, 16572, 12, 13, 12.5, 2.25183796883
8717_001.2B, 0.5, 15120, 14, 14, 14.0, 7.49776816368
8520_003.2B, 0.5, 16806, 4, 3, 3.5, 5.31431484222
8747_002.2B, 0.5, 19368, 56, 56, 56.0, 2.71667003632
8749_002.2B, 0.5, 17284, 12, 8, 10.0, 2.01631999016
8529_002.2B, 0.5, 3906, 11, 11, 11.0, 1.86968183517
8729_001.2B, 0.5, 17616, 7, 5, 6.0, 7.86657810211
8523_001.2B, 0.5, 20160, 1, 1, 1.0, 6.46326208115
8710_001.2B, 0.5, 10700, 2, 2, 2.0, 5.02172088623
8584_001.2B, 0.5, 14446, 4, 5, 4.5, 4.70658612251
8501_001.2B, 0.5, 6892, 19, 20, 19.5, 2.30704593658
8592_001.2B, 0.5, 9464, 7, 8, 7.5, 1.09100294113
8570_001.2B, 0.5, 4968, 15, 15, 15.0, 1.79876899719
8508_001.2B, 0.5, 20666, 2, 2, 2.0, 9.4817070961
8759_004.2B, 0.5, 18290, 7, 5, 6.0, 5.01047110558
8734_001.2B, 0.5, 14786, 13, 11, 12.0, 2.73233604431
8538_001.2B, 0.5, 12992, 3, 4, 3.5, 5.46271800995
8759_002.2B, 0.5, 18000, 9, 9, 9.0, 7.95742797852
8580_001.2B, 0.5, 6482, 27, 25, 26.0, 3.5834851265
8601_001.2B, 0.5, 18816, 12, 12, 12.0, 10.2445669174
8555_001.2B, 0.5, 13924, 35, 34, 34.5, 7.15557694435
8541_002.2B, 0.5, 17090, 5, 5, 5.0, 7.73156905174
8547_001.2B, 0.5, 5762, 39, 40, 39.5, 2.32489109039
8536_001.2B, 0.5, 14946, 26, 27, 26.5, 8.21361088753
8599_001.2B, 0.5, 11740, 37, 35, 36.0, 6.26913285255
8736_001.2B, 0.5, 10752, 1, 1, 1.0, 6.022315979
8562_001.2B, 0.5, 6572, 33, 31, 32.0, 1.54015612602
8758_002.2B, 0.5, 21304, 3, 3, 3.0, 12.325289011
8750_003.2B, 0.5, 17070, 0, 0, 0.0, 2.42552113533
8581_001.2B, 0.5, 12040, 27, 28, 27.5, 6.07068800926
8596_001.2B, 0.5, 10902, 32, 32, 32.0, 6.74542403221
8537_001.2B, 0.5, 5114, 2, 2, 2.0, 1.92434716225
8742_002.2B, 0.5, 5372, 70, 75, 72.5, 1.45805501938
8704_001.2B, 0.5, 9696, 22, 23, 22.5, 4.76800394058
8522_001.2B, 0.5, 16260, 3, 2, 2.5, 7.19469714165
8559_001.2B, 0.5, 11820, 7, 7, 7.0, 5.42365002632
8709_001.2B, 0.5, 12958, 1, 2, 1.5, 5.60390591621
8751_001.2B, 0.5, 12600, 6, 6, 6.0, 4.24375700951
8728_001.2B, 0.5, 11334, 55, 56, 55.5, 2.3258960247
8712_001.2B, 0.5, 15518, 2, 2, 2.0, 5.86306190491
8510_001.2B, 0.5, 13812, 5, 4, 4.5, 6.11137390137
8753_001.2B, 0.5, 26350, 4, 3, 3.5, 11.6932411194
8755_001.2B, 0.5, 12970, 12, 12, 12.0, 5.41533517838
8504_001.2B, 0.5, 9846, 7, 7, 7.0, 3.90182209015
8701_001.2B, 0.5, 13542, 17, 16, 16.5, 2.63018584251
8705_001.2B, 0.5, 12634, 8, 9, 8.5, 4.99934411049
8718_001.2B, 0.5, 11204, 1, 0, 0.5, 4.49259614944
8745_001.2B, 0.5, 15202, 43, 46, 44.5, 2.54334402084
8593_001.2B, 0.5, 9536, 4, 4, 4.0, 0.895306825638
8724_001.2B, 0.5, 21956, 1, 1, 1.0, 4.81798601151
8568_001.2B, 0.5, 8492, 36, 34, 35.0, 1.49254608154
8744_001.2B, 0.5, 22530, 3, 3, 3.0, 8.42212986946
8739_001.2B, 0.5, 20818, 34, 33, 33.5, 13.0453588963
8737_001.2B, 0.5, 17692, 15, 15, 15.0, 2.63278603554
8579_001.2B, 0.5, 8626, 5, 4, 4.5, 2.08910322189
8755_002.2B, 0.5, 18088, 20, 22, 21.0, 7.48164701462
8591_001.2B, 0.5, 17978, 16, 16, 16.0, 7.69580292702
8750_004.2B, 0.5, 6544, 0, 0, 0.0, 0.511641979218
8542_001.2B, 0.5, 11396, 74, 73, 73.5, 3.20219516754
8577_001.2B, 0.5, 8594, 14, 13, 13.5, 3.19607996941
8720_001.2B, 0.5, 19366, 2, 2, 2.0, 5.52182793617
8561_001.2B, 0.5, 20286, 77, 78, 77.5, 5.63133597374
8534_001.2B, 0.5, 14576, 29, 30, 29.5, 2.25585722923
8590_001.2B, 0.5, 17358, 2, 2, 2.0, 4.15611195564
8528_001.2B, 0.5, 4744, 11, 11, 11.0, 0.749410867691
8746_001.2B, 0.5, 12802, 3, 2, 2.5, 1.40591907501
8506_001.2B, 0.5, 10848, 21, 22, 21.5, 3.67240095139
8539_001.2B, 0.5, 10992, 11, 11, 11.0, 1.73606395721
8572_001.2B, 0.5, 8208, 3, 4, 3.5, 3.22437596321
8726_001.2B, 0.5, 11274, 3, 3, 3.0, 5.36340999603
8707_001.2B, 0.5, 12800, 26, 25, 25.5, 3.40405488014
8700_001.2B, 0.5, 17638, 28, 28, 28.0, 9.36354088783
8583_001.2B, 0.5, 8984, 6, 6, 6.0, 3.03822422028
8754_001.2B, 0.5, 16946, 4, 4, 4.0, 8.9863679409
8733_002.2B, 0.5, 6428, 27, 26, 26.5, 1.92981696129
8736_002.2B, 0.5, 4676, 2, 2, 2.0, 2.35214090347
8546_001.2B, 0.5, 10574, 4, 4, 4.0, 4.84027719498
8760_002.2B, 0.5, 10516, 2, 2, 2.0, 3.36648416519
8753_002.2B, 0.5, 29872, 1, 1, 1.0, 15.3309018612
8514_001.2B, 0.5, 15670, 3, 3, 3.0, 6.96331000328
8752_003.2B, 0.5, 11594, 0, 0, 0.0, 3.10105395317
8714_001.2B, 0.5, 12020, 31, 29, 30.0, 5.28441619873
8708_001.2B, 0.5, 13068, 33, 34, 33.5, 6.64855599403
8598_001.2B, 0.5, 8786, 4, 4, 4.0, 2.44119119644
8727_001.2B, 0.5, 16714, 3, 3, 3.0, 6.83594703674
8574_002.2B, 0.5, 7132, 7, 8, 7.5, 0.826172113419
8713_001.2B, 0.5, 13004, 31, 31, 31.0, 7.38855409622
8524_001.2B, 0.5, 13446, 6, 6, 6.0, 3.86200904846
8735_001.2B, 0.5, 11068, 9, 10, 9.5, 4.69831705093
8721_003.2B, 0.5, 12632, 36, 31, 33.5, 6.81035709381
8549_001.2B, 0.5, 5728, 11, 11, 11.0, 1.20449590683
8553_001.2B, 0.5, 11878, 18, 18, 18.0, 4.55894207954
8591_002.2B, 0.5, 1868, 11, 12, 11.5, 0.518791913986
8761_001.2B, 0.5, 10508, 73, 84, 78.5, 1.83993291855
8711_001.2B, 0.5, 9992, 9, 8, 8.5, 4.42742395401
8558_001.2B, 0.5, 13412, 4, 4, 4.0, 3.1394329071
8716_001.2B, 0.5, 16234, 27, 28, 27.5, 8.81617999077
8737_002.2B, 0.5, 16094, 32, 32, 32.0, 2.25116610527
8751_002.2B, 0.5, 13550, 9, 6, 7.5, 2.91214299202
8758_004.2B, 0.5, 15642, 6, 6, 6.0, 9.13579797745
8507_001.2B, 0.5, 8862, 2, 2, 2.0, 4.30924701691
8739_002.2B, 0.5, 20380, 22, 22, 22.0, 13.9432330132
8721_001.2B, 0.5, 16726, 19, 15, 17.0, 9.66797995567
8520_002.2B, 0.5, 22236, 2, 2, 2.0, 4.37311506271
8533_001.2B, 0.5, 5356, 10, 11, 10.5, 2.0311460495
8566_001.2B, 0.5, 7586, 13, 14, 13.5, 0.867233037949
8595_001.2B, 0.5, 7430, 51, 52, 51.5, 2.53118515015
8576_001.2B, 0.5, 6862, 6, 6, 6.0, 1.85476589203
8723_002.2B, 0.5, 19520, 35, 35, 35.0, 10.609623909
8735_002.2B, 0.5, 6070, 13, 14, 13.5, 2.41680407524
8516_001.2B, 0.5, 11168, 4, 4, 4.0, 2.48323607445
8747_001.2B, 0.5, 18796, 19, 16, 17.5, 3.6084561348
8519_001.2B, 0.5, 14610, 45, 45, 45.0, 8.15130400658
8565_001.2B, 0.5, 8516, 36, 36, 36.0, 5.44600701332
8567_001.2B, 0.5, 16896, 2, 2, 2.0, 4.72323012352
8724_002.2B, 0.5, 16218, 0, 0, 0.0, 4.62327599525
8588_001.2B, 0.5, 8636, 32, 34, 33.0, 3.43477606773
8706_001.2B, 0.5, 16136, 4, 3, 3.5, 7.29211306572
8530_001.2B, 0.5, 8150, 23, 24, 23.5, 3.83226799965
8721_002.2B, 0.5, 14844, 38, 33, 35.5, 7.56883311272
8748_002.2B, 0.5, 19510, 80, 74, 77.0, 5.95855808258
8527_001.2B, 0.5, 9180, 1, 0, 0.5, 4.52722811699
8738_001.2B, 0.5, 17752, 15, 15, 15.0, 6.71209812164
8758_003.2B, 0.5, 25164, 3, 2, 2.5, 14.8938241005
8731_001.2B, 0.5, 11058, 7, 7, 7.0, 2.65083193779
8554_001.2B, 0.5, 6664, 15, 14, 14.5, 3.14012503624
8754_002.2B, 0.5, 16130, 7, 7, 7.0, 8.71396684647
8557_001.2B, 0.5, 12318, 21, 21, 21.0, 5.67317581177
8723_001.2B, 0.5, 17540, 28, 26, 27.0, 8.42227196693
8556_001.2B, 0.5, 6562, 7, 6, 6.5, 3.68961286545
8733_001.2B, 0.5, 11724, 26, 26, 26.0, 3.42081308365
8730_001.2B, 0.5, 11378, 0, 0, 0.0, 1.51330494881
8531_001.2B, 0.5, 12568, 9, 8, 8.5, 5.88568115234
8715_001.2B, 0.5, 15270, 13, 12, 12.5, 5.93836402893
8600_001.2B, 0.5, 7808, 32, 31, 31.5, 4.4579770565
8740_001.2B, 0.5, 11660, 16, 18, 17.0, 4.27343392372
8740_002.2B, 0.5, 13592, 13, 13, 13.0, 5.3951561451
8582_001.2B, 0.5, 11146, 5, 5, 5.0, 4.7356171608
8575_001.2B, 0.5, 6010, 5, 5, 5.0, 2.13847517967
8552_001.2B, 0.5, 9644, 5, 6, 5.5, 3.01486110687
8703_001.2B, 0.5, 12522, 6, 5, 5.5, 5.02182197571
8589_001.2B, 0.5, 6004, 21, 22, 21.5, 2.38611197472
8525_001.2B, 0.5, 23736, 4, 4, 4.0, 14.0838990211
8743_002.2B, 0.5, 11148, 15, 15, 15.0, 5.38260316849
8569_001.2B, 0.5, 12822, 9, 10, 9.5, 4.06071901321
8745_002.2B, 0.5, 5322, 47, 47, 47.0, 0.753865003586
8749_001.2B, 0.5, 12024, 20, 20, 20.0, 1.93010902405
8759_001.2B, 0.5, 16774, 10, 11, 10.5, 6.88135099411
8548_001.2B, 0.5, 9886, 10, 8, 9.0, 4.67682290077
8526_001.2B, 0.5, 8806, 35, 36, 35.5, 2.93355989456
8529_001.2B, 0.5, 20918, 25, 24, 24.5, 15.5855498314
8535_001.2B, 0.5, 8348, 0, 0, 0.0, 0.861922979355
8500_001.2B, 0.5, 16970, 14, 15, 14.5, 5.31541490555
8594_001.2B, 0.5, 5868, 26, 28, 27.0, 2.94842195511
8725_001.2B, 0.5, 16518, 46, 47, 46.5, 4.31552100182
8520_001.2B, 0.5, 17638, 2, 2, 2.0, 5.42204499245
8756_001.2B, 0.5, 14690, 5, 5, 5.0, 8.50344181061
8752_002.2B, 0.5, 23846, 0, 0, 0.0, 13.2877559662
8758_001.2B, 0.5, 19756, 10, 8, 9.0, 10.511441946
8744_002.2B, 0.5, 21280, 2, 1, 1.5, 8.35904502869
8521_001.2B, 0.5, 12192, 16, 17, 16.5, 4.42741298676
8759_003.2B, 0.5, 17790, 7, 8, 7.5, 7.34758400917
8573_001.2B, 0.5, 12424, 11, 10, 10.5, 6.50825095177
8544_001.2B, 0.5, 13974, 1, 1, 1.0, 5.51017618179
8585_001.2B, 0.5, 8056, 13, 13, 13.0, 3.80247211456
8578_001.2B, 0.5, 7280, 6, 6, 6.0, 2.12557601929
8722_001.2B, 0.5, 15886, 31, 33, 32.0, 2.06554198265
8760_001.2B, 0.5, 14168, 3, 3, 3.0, 4.75268888474
8545_001.2B, 0.5, 6870, 10, 12, 11.0, 1.28359413147
8748_001.2B, 0.5, 25372, 13, 13, 13.0, 9.27172207832
8574_001.2B, 0.5, 14570, 8, 8, 8.0, 4.48110890388
8587_001.2B, 0.5, 8832, 15, 13, 14.0, 4.80640792847
8515_001.2B, 0.5, 9500, 28, 28, 28.0, 4.8764269352
8512_001.2B, 0.5, 3820, 10, 9, 9.5, 0.473060131073
8563_001.2B, 0.5, 12074, 6, 5, 5.5, 5.22941708565
8551_001.2B, 0.5, 6412, 30, 27, 28.5, 2.88889598846
8741_001.2B, 0.5, 10690, 12, 11, 11.5, 3.5814139843
8503_001.2B, 0.5, 16196, 6, 7, 6.5, 5.4608771801
8550_001.2B, 0.5, 9480, 55, 54, 54.5, 3.40228104591
8560_001.2B, 0.5, 12868, 4, 4, 4.0, 3.60670304298
8743_001.2B, 0.5, 16802, 13, 13, 13.0, 7.76052212715
8540_001.2B, 0.5, 11198, 5, 5, 5.0, 4.9259660244
8719_001.2B, 0.5, 13598, 5, 5, 5.0, 5.04418706894
8518_001.2B, 0.5, 7916, 16, 16, 16.0, 2.66194701195
8702_001.2B, 0.5, 16344, 2, 2, 2.0, 5.44246196747
8750_002.2B, 0.5, 16240, 0, 0, 0.0, 0.241416931152
8513_001.2B, 0.5, 10748, 6, 4, 5.0, 1.6990480423
8734_002.2B, 0.5, 15296, 2, 2, 2.0, 3.77807402611
8505_001.2B, 0.5, 16380, 5, 5, 5.0, 5.97428512573
8509_001.2B, 0.5, 23604, 13, 13, 13.0, 12.1260340214
8517_001.2B, 0.5, 6712, 27, 27, 27.0, 1.03930902481
8742_001.2B, 0.5, 14932, 81, 81, 81.0, 3.70328211784
8586_001.2B, 0.5, 5098, 19, 24, 21.5, 0.999653816223
8571_001.2B, 0.5, 14614, 4, 5, 4.5, 5.15891814232
8541_001.2B, 0.4, 15856, 1, 1, 1.0, 9.74664902687
8597_001.2B, 0.4, 8076, 3, 3, 3.0, 3.51681685448
8741_002.2B, 0.4, 5774, 3, 3, 3.0, 2.32964110374
8750_001.2B, 0.4, 12458, 1, 0, 0.5, 1.63306713104
8752_001.2B, 0.4, 16882, 1, 0, 0.5, 8.21319389343
8564_001.2B, 0.4, 11230, 6, 5, 5.5, 3.86815810204
8502_001.2B, 0.4, 13890, 4, 4, 4.0, 4.77808403969
8717_001.2B, 0.4, 12628, 4, 3, 3.5, 6.75264501572
8520_003.2B, 0.4, 14362, 0, 0, 0.0, 5.17968583107
8747_002.2B, 0.4, 16352, 5, 5, 5.0, 2.50810194016
8749_002.2B, 0.4, 14714, 3, 3, 3.0, 1.79230999947
8529_002.2B, 0.4, 3396, 10, 10, 10.0, 1.68627905846
8729_001.2B, 0.4, 14606, 6, 6, 6.0, 7.73491001129
8523_001.2B, 0.4, 16620, 0, 0, 0.0, 6.36885809898
8710_001.2B, 0.4, 8856, 1, 0, 0.5, 1.43307304382
8584_001.2B, 0.4, 12206, 1, 2, 1.5, 4.5808339119
8501_001.2B, 0.4, 5838, 17, 18, 17.5, 1.15120100975
8592_001.2B, 0.4, 7930, 11, 12, 11.5, 1.20221209526
8570_001.2B, 0.4, 4206, 4, 4, 4.0, 1.61632704735
8508_001.2B, 0.4, 17630, 5, 5, 5.0, 9.14405894279
8759_004.2B, 0.4, 15460, 3, 2, 2.5, 5.45165085793
8734_001.2B, 0.4, 12310, 2, 2, 2.0, 2.69435119629
8538_001.2B, 0.4, 10966, 0, 0, 0.0, 3.99718904495
8759_002.2B, 0.4, 15386, 1, 1, 1.0, 6.99535608292
8580_001.2B, 0.4, 5730, 15, 14, 14.5, 2.99313306808
8601_001.2B, 0.4, 16238, 4, 4, 4.0, 9.54403495789
8555_001.2B, 0.4, 11888, 15, 14, 14.5, 5.78061199188
8541_002.2B, 0.4, 14404, 2, 2, 2.0, 8.07279896736
8547_001.2B, 0.4, 4900, 9, 9, 9.0, 2.04332494736
8536_001.2B, 0.4, 12634, 5, 5, 5.0, 6.2935590744
8599_001.2B, 0.4, 9902, 12, 11, 11.5, 5.165102005
8736_001.2B, 0.4, 9122, 1, 1, 1.0, 4.11621594429
8562_001.2B, 0.4, 5592, 18, 16, 17.0, 0.678855895996
8758_002.2B, 0.4, 18426, 2, 1, 1.5, 12.8929619789
8750_003.2B, 0.4, 14512, 1, 1, 1.0, 2.98094820976
8581_001.2B, 0.4, 10268, 10, 10, 10.0, 5.65191102028
8596_001.2B, 0.4, 9462, 4, 4, 4.0, 4.51652979851
8537_001.2B, 0.4, 4272, 1, 1, 1.0, 1.63437199593
8742_002.2B, 0.4, 4616, 34, 37, 35.5, 2.41688013077
8704_001.2B, 0.4, 8334, 5, 5, 5.0, 3.91970801353
8522_001.2B, 0.4, 13760, 3, 2, 2.5, 6.78188180923
8559_001.2B, 0.4, 10120, 7, 7, 7.0, 5.12443089485
8709_001.2B, 0.4, 11044, 5, 5, 5.0, 5.17688202858
8751_001.2B, 0.4, 10492, 5, 2, 3.5, 1.79650187492
8728_001.2B, 0.4, 9472, 8, 10, 9.0, 3.53566002846
8712_001.2B, 0.4, 13092, 0, 0, 0.0, 4.04076099396
8510_001.2B, 0.4, 11854, 2, 2, 2.0, 2.06898999214
8753_001.2B, 0.4, 21800, 2, 2, 2.0, 16.5653841496
8755_001.2B, 0.4, 11072, 1, 1, 1.0, 5.78308701515
8504_001.2B, 0.4, 8358, 3, 3, 3.0, 3.38194799423
8701_001.2B, 0.4, 11508, 7, 2, 4.5, 0.779906988144
8705_001.2B, 0.4, 10464, 2, 2, 2.0, 4.89199900627
8718_001.2B, 0.4, 9422, 0, 0, 0.0, 2.14284896851
8745_001.2B, 0.4, 12674, 3, 3, 3.0, 1.80080604553
8593_001.2B, 0.4, 8044, 3, 3, 3.0, 1.91431903839
8724_001.2B, 0.4, 18118, 1, 1, 1.0, 4.4254090786
8568_001.2B, 0.4, 7234, 16, 15, 15.5, 1.88461279869
8744_001.2B, 0.4, 18944, 2, 1, 1.5, 9.11857795715
8739_001.2B, 0.4, 17772, 14, 14, 14.0, 10.3692231178
8737_001.2B, 0.4, 14886, 4, 5, 4.5, 2.56017303467
8579_001.2B, 0.4, 7272, 2, 1, 1.5, 1.55133104324
8755_002.2B, 0.4, 15350, 1, 1, 1.0, 7.09510397911
8591_001.2B, 0.4, 15426, 6, 6, 6.0, 7.58590698242
8750_004.2B, 0.4, 5456, 0, 0, 0.0, 0.666489839554
8542_001.2B, 0.4, 9630, 4, 4, 4.0, 1.45151400566
8577_001.2B, 0.4, 7404, 2, 2, 2.0, 2.9245429039
8720_001.2B, 0.4, 16370, 2, 2, 2.0, 4.84467697144
8561_001.2B, 0.4, 16764, 8, 8, 8.0, 7.38689994812
8534_001.2B, 0.4, 12144, 13, 13, 13.0, 1.86773300171
8590_001.2B, 0.4, 14766, 1, 0, 0.5, 1.65340900421
8528_001.2B, 0.4, 3976, 13, 14, 13.5, 0.561057090759
8746_001.2B, 0.4, 11086, 3, 3, 3.0, 4.44485092163
8506_001.2B, 0.4, 9128, 9, 5, 7.0, 1.45968008041
8539_001.2B, 0.4, 9332, 1, 1, 1.0, 2.7609539032
8572_001.2B, 0.4, 7048, 1, 1, 1.0, 2.89250898361
8726_001.2B, 0.4, 9578, 1, 1, 1.0, 5.42387294769
8707_001.2B, 0.4, 10874, 6, 4, 5.0, 1.31974196434
8700_001.2B, 0.4, 15268, 4, 4, 4.0, 8.62484288216
8583_001.2B, 0.4, 7590, 3, 3, 3.0, 2.35511612892
8754_001.2B, 0.4, 13792, 2, 2, 2.0, 9.08611488342
8733_002.2B, 0.4, 5354, 16, 15, 15.5, 0.704431056976
8736_002.2B, 0.4, 4054, 0, 0, 0.0, 1.78642702103
8546_001.2B, 0.4, 9036, 1, 1, 1.0, 4.55725884438
8760_002.2B, 0.4, 8768, 1, 2, 1.5, 3.07006287575
8753_002.2B, 0.4, 24876, 2, 1, 1.5, 17.82071805
8514_001.2B, 0.4, 13148, 2, 1, 1.5, 4.31308698654
8752_003.2B, 0.4, 9956, 0, 0, 0.0, 4.85570406914
8714_001.2B, 0.4, 10306, 12, 12, 12.0, 4.07279109955
8708_001.2B, 0.4, 11150, 3, 4, 3.5, 5.31356883049
8598_001.2B, 0.4, 7438, 2, 2, 2.0, 2.42930197716
8727_001.2B, 0.4, 14064, 0, 0, 0.0, 8.77177715302
8574_002.2B, 0.4, 5998, 2, 1, 1.5, 1.02180099487
8713_001.2B, 0.4, 11102, 10, 10, 10.0, 6.19003486633
8524_001.2B, 0.4, 11338, 3, 3, 3.0, 3.52996301651
8735_001.2B, 0.4, 9562, 4, 4, 4.0, 3.57820296288
8721_003.2B, 0.4, 10848, 3, 2, 2.5, 5.47382998466
8549_001.2B, 0.4, 4864, 7, 6, 6.5, 1.52045798302
8553_001.2B, 0.4, 10086, 2, 1, 1.5, 2.59725213051
8591_002.2B, 0.4, 1626, 4, 4, 4.0, 0.424561023712
8761_001.2B, 0.4, 8924, 58, 67, 62.5, 2.87315392494
8711_001.2B, 0.4, 8398, 6, 6, 6.0, 4.84821891785
8558_001.2B, 0.4, 11322, 2, 3, 2.5, 3.97445416451
8716_001.2B, 0.4, 13736, 18, 16, 17.0, 6.09279203415
8737_002.2B, 0.4, 13786, 13, 13, 13.0, 2.01714611053
8751_002.2B, 0.4, 11424, 4, 3, 3.5, 3.92085289955
8758_004.2B, 0.4, 13484, 3, 2, 2.5, 9.02862000465
8507_001.2B, 0.4, 7556, 1, 1, 1.0, 3.10785293579
8739_002.2B, 0.4, 17674, 10, 10, 10.0, 10.4922800064
8721_001.2B, 0.4, 14456, 3, 2, 2.5, 7.94636011124
8520_002.2B, 0.4, 19098, 0, 0, 0.0, 5.27290892601
8533_001.2B, 0.4, 4570, 3, 3, 3.0, 2.105271101
8566_001.2B, 0.4, 6396, 12, 13, 12.5, 1.14526700974
8595_001.2B, 0.4, 6230, 14, 15, 14.5, 2.79421281815
8576_001.2B, 0.4, 5890, 2, 1, 1.5, 1.92872905731
8723_002.2B, 0.4, 16638, 7, 7, 7.0, 8.53817987442
8735_002.2B, 0.4, 5168, 2, 2, 2.0, 1.43181800842
8516_001.2B, 0.4, 9434, 4, 3, 3.5, 1.46221590042
8747_001.2B, 0.4, 15788, 5, 4, 4.5, 6.18225693703
8519_001.2B, 0.4, 12522, 13, 13, 13.0, 6.44467997551
8565_001.2B, 0.4, 7240, 4, 3, 3.5, 4.0026640892
8567_001.2B, 0.4, 14300, 2, 1, 1.5, 3.90628290176
8724_002.2B, 0.4, 13666, 3, 2, 2.5, 4.90986585617
8588_001.2B, 0.4, 7388, 7, 7, 7.0, 3.36317801476
8706_001.2B, 0.4, 13414, 4, 3, 3.5, 6.36850595474
8530_001.2B, 0.4, 7020, 10, 11, 10.5, 2.93501400948
8721_002.2B, 0.4, 12858, 4, 3, 3.5, 6.43897199631
8748_002.2B, 0.4, 16368, 2, 3, 2.5, 6.3617579937
8527_001.2B, 0.4, 7640, 1, 0, 0.5, 3.89609384537
8738_001.2B, 0.4, 15166, 4, 4, 4.0, 5.01030111313
8758_003.2B, 0.4, 21550, 3, 3, 3.0, 15.7947518826
8731_001.2B, 0.4, 9294, 5, 5, 5.0, 2.24354410172
8554_001.2B, 0.4, 5750, 4, 3, 3.5, 3.31466388702
8754_002.2B, 0.4, 13834, 3, 2, 2.5, 7.31460189819
8557_001.2B, 0.4, 10346, 14, 12, 13.0, 4.40671920776
8723_001.2B, 0.4, 14896, 8, 7, 7.5, 7.31778383255
8556_001.2B, 0.4, 5686, 4, 4, 4.0, 2.93547916412
8733_001.2B, 0.4, 9840, 3, 3, 3.0, 3.79636788368
8730_001.2B, 0.4, 9852, 1, 1, 1.0, 2.39098000526
8531_001.2B, 0.4, 10706, 2, 2, 2.0, 5.56273508072
8715_001.2B, 0.4, 12792, 13, 11, 12.0, 6.16324710846
8600_001.2B, 0.4, 6664, 14, 14, 14.0, 3.8540148735
8740_001.2B, 0.4, 9794, 15, 15, 15.0, 3.96913909912
8740_002.2B, 0.4, 11406, 0, 0, 0.0, 5.45290398598
8582_001.2B, 0.4, 9292, 3, 3, 3.0, 4.80087089539
8575_001.2B, 0.4, 5188, 2, 2, 2.0, 1.74918103218
8552_001.2B, 0.4, 8332, 2, 2, 2.0, 1.52836799622
8703_001.2B, 0.4, 10644, 2, 2, 2.0, 4.17795419693
8589_001.2B, 0.4, 5112, 6, 6, 6.0, 2.07112598419
8525_001.2B, 0.4, 20318, 3, 2, 2.5, 12.7475318909
8743_002.2B, 0.4, 9616, 2, 2, 2.0, 5.04260420799
8569_001.2B, 0.4, 10628, 3, 4, 3.5, 3.91673207283
8745_002.2B, 0.4, 4474, 10, 10, 10.0, 0.786817073822
8749_001.2B, 0.4, 10142, 5, 5, 5.0, 3.91062903404
8759_001.2B, 0.4, 14234, 6, 6, 6.0, 6.15255689621
8548_001.2B, 0.4, 8358, 6, 6, 6.0, 4.68462014198
8526_001.2B, 0.4, 7458, 11, 12, 11.5, 2.94953894615
8529_001.2B, 0.4, 18228, 7, 6, 6.5, 10.6455440521
8535_001.2B, 0.4, 6946, 1, 1, 1.0, 1.18856787682
8500_001.2B, 0.4, 14102, 9, 9, 9.0, 5.46950387955
8594_001.2B, 0.4, 4956, 12, 10, 11.0, 2.1588640213
8725_001.2B, 0.4, 13960, 5, 5, 5.0, 2.01793003082
8520_001.2B, 0.4, 15094, 2, 1, 1.5, 3.72106003761
8756_001.2B, 0.4, 12576, 2, 1, 1.5, 1.23385715485
8752_002.2B, 0.4, 20430, 0, 0, 0.0, 0.245584011078
8758_001.2B, 0.4, 16656, 3, 3, 3.0, 10.6329038143
8744_002.2B, 0.4, 17644, 2, 1, 1.5, 1.36346077919
8521_001.2B, 0.4, 10328, 3, 3, 3.0, 5.24882006645
8759_003.2B, 0.4, 15176, 5, 5, 5.0, 6.97054600716
8573_001.2B, 0.4, 10560, 4, 4, 4.0, 5.669257164
8544_001.2B, 0.4, 12224, 0, 0, 0.0, 6.43638706207
8585_001.2B, 0.4, 6874, 6, 5, 5.5, 3.16389298439
8578_001.2B, 0.4, 6158, 3, 2, 2.5, 1.71011900902
8722_001.2B, 0.4, 13386, 4, 4, 4.0, 5.81840991974
8760_001.2B, 0.4, 11826, 2, 2, 2.0, 3.96386599541
8545_001.2B, 0.4, 5732, 1, 1, 1.0, 1.09216809273
8748_001.2B, 0.4, 21310, 16, 11, 13.5, 8.0361199379
8574_001.2B, 0.4, 12372, 4, 4, 4.0, 1.45221781731
8587_001.2B, 0.4, 7582, 2, 2, 2.0, 4.51550507545
8515_001.2B, 0.4, 8096, 9, 9, 9.0, 3.9960501194
8512_001.2B, 0.4, 3048, 14, 9, 11.5, 0.347757101059
8563_001.2B, 0.4, 10248, 2, 1, 1.5, 4.34411501884
8551_001.2B, 0.4, 5484, 14, 13, 13.5, 2.25972008705
8741_001.2B, 0.4, 9120, 3, 1, 2.0, 1.27254009247
8503_001.2B, 0.4, 13480, 6, 7, 6.5, 5.51828312874
8550_001.2B, 0.4, 8100, 8, 8, 8.0, 3.78673601151
8560_001.2B, 0.4, 10878, 4, 4, 4.0, 1.84736299515
8743_001.2B, 0.4, 14074, 4, 3, 3.5, 6.97576379776
8540_001.2B, 0.4, 9600, 5, 5, 5.0, 4.81215405464
8719_001.2B, 0.4, 11516, 4, 4, 4.0, 4.96239304543
8518_001.2B, 0.4, 6634, 7, 7, 7.0, 2.48597812653
8702_001.2B, 0.4, 13788, 2, 1, 1.5, 1.02646517754
8750_002.2B, 0.4, 13672, 0, 0, 0.0, 0.104510068893
8513_001.2B, 0.4, 8964, 6, 3, 4.5, 2.05943393707
8734_002.2B, 0.4, 12894, 1, 1, 1.0, 3.65181088448
8505_001.2B, 0.4, 12432, 1, 1, 1.0, 5.96449708939
8509_001.2B, 0.4, 20024, 6, 6, 6.0, 9.9400510788
8517_001.2B, 0.4, 5654, 19, 19, 19.0, 1.89210391045
8742_001.2B, 0.4, 12514, 33, 34, 33.5, 7.05496287346
8586_001.2B, 0.4, 4248, 11, 12, 11.5, 1.5350060463
8571_001.2B, 0.4, 12200, 4, 3, 3.5, 4.32138204575
8541_001.2B, 0.3, 11676, 0, 0, 0.0, 0.702529907227
8597_001.2B, 0.3, 6190, 1, 1, 1.0, 2.77476000786
8741_002.2B, 0.3, 4142, 4, 1, 2.5, 0.458666086197
8750_001.2B, 0.3, 6396, 0, 0, 0.0, 0.141677856445
8752_001.2B, 0.3, 11656, 0, 0, 0.0, 0.142113208771
8564_001.2B, 0.3, 8420, 1, 0, 0.5, 0.990339994431
8502_001.2B, 0.3, 10442, 1, 0, 0.5, 0.667008161545
8717_001.2B, 0.3, 9780, 0, 0, 0.0, 4.42901301384
8520_003.2B, 0.3, 10704, 0, 0, 0.0, 0.212672948837
8747_002.2B, 0.3, 12756, 0, 0, 0.0, 1.97483491898
8749_002.2B, 0.3, 10778, 0, 0, 0.0, 1.43695902824
8529_002.2B, 0.3, 2666, 2, 2, 2.0, 1.32138490677
8729_001.2B, 0.3, 10702, 2, 1, 1.5, 3.43629217148
8523_001.2B, 0.3, 11550, 0, 0, 0.0, 0.584926128387
8710_001.2B, 0.3, 6466, 25, 0, 12.5, 0.19073009491
8584_001.2B, 0.3, 8978, 0, 0, 0.0, 0.192351102829
8501_001.2B, 0.3, 4352, 0, 0, 0.0, 0.0960981845856
8592_001.2B, 0.3, 6096, 0, 0, 0.0, 0.19402217865
8570_001.2B, 0.3, 3162, 3, 2, 2.5, 0.740525007248
8508_001.2B, 0.3, 13764, 0, 0, 0.0, 5.60762214661
8759_004.2B, 0.3, 10584, 0, 0, 0.0, 1.12137985229
8734_001.2B, 0.3, 6826, 4, 1, 2.5, 0.733572006226
8538_001.2B, 0.3, 8108, 0, 0, 0.0, 0.235262870789
8759_002.2B, 0.3, 11258, 0, 0, 0.0, 3.76768398285
8580_001.2B, 0.3, 4566, 1, 1, 1.0, 2.16707396507
8601_001.2B, 0.3, 12630, 0, 0, 0.0, 9.25378203392
8555_001.2B, 0.3, 9316, 1, 0, 0.5, 3.12779116631
8541_002.2B, 0.3, 10726, 0, 0, 0.0, 0.124991178513
8547_001.2B, 0.3, 3790, 1, 1, 1.0, 1.77830505371
8536_001.2B, 0.3, 9766, 1, 1, 1.0, 6.36081194878
8599_001.2B, 0.3, 7652, 2, 1, 1.5, 4.81839895248
8736_001.2B, 0.3, 6808, 0, 0, 0.0, 0.653281927109
8562_001.2B, 0.3, 4310, 9, 2, 5.5, 0.186681032181
8758_002.2B, 0.3, 13682, 0, 0, 0.0, 1.16097593307
8750_003.2B, 0.3, 8812, 0, 0, 0.0, 0.113219022751
8581_001.2B, 0.3, 8158, 3, 2, 2.5, 3.84310388565
8596_001.2B, 0.3, 7120, 1, 1, 1.0, 4.61392402649
8537_001.2B, 0.3, 3084, 0, 0, 0.0, 0.195423126221
8742_002.2B, 0.3, 3724, 5, 5, 5.0, 2.03986501694
8704_001.2B, 0.3, 6408, 0, 0, 0.0, 3.8195681572
8522_001.2B, 0.3, 9826, 1, 0, 0.5, 1.24612593651
8559_001.2B, 0.3, 7688, 1, 1, 1.0, 4.42003202438
8709_001.2B, 0.3, 8522, 1, 0, 0.5, 3.28468799591
8751_001.2B, 0.3, 7724, 0, 0, 0.0, 0.132410049438
8728_001.2B, 0.3, 7386, 7, 5, 6.0, 1.87574696541
8712_001.2B, 0.3, 9284, 0, 0, 0.0, 0.0979959964752
8510_001.2B, 0.3, 9212, 5, 1, 3.0, 0.614153862
8753_001.2B, 0.3, 15734, 7, 2, 4.5, 2.0815050602
8755_001.2B, 0.3, 8440, 0, 0, 0.0, 0.100322008133
8504_001.2B, 0.3, 6520, 1, 1, 1.0, 2.41943287849
8701_001.2B, 0.3, 8800, 1, 1, 1.0, 1.01200389862
8705_001.2B, 0.3, 7846, 0, 0, 0.0, 3.56600999832
8718_001.2B, 0.3, 6386, 0, 0, 0.0, 0.147550106049
8745_001.2B, 0.3, 9904, 2, 1, 1.5, 1.28519892693
8593_001.2B, 0.3, 6054, 14, 1, 7.5, 0.183638095856
8724_001.2B, 0.3, 12130, 0, 0, 0.0, 0.695540904999
8568_001.2B, 0.3, 5488, 2, 2, 2.0, 1.52745103836
8744_001.2B, 0.3, 13884, 1, 0, 0.5, 2.37436795235
8739_001.2B, 0.3, 14062, 4, 3, 3.5, 10.4738650322
8737_001.2B, 0.3, 11640, 2, 1, 1.5, 0.529900074005
8579_001.2B, 0.3, 5118, 0, 0, 0.0, 0.393110990524
8755_002.2B, 0.3, 11864, 0, 0, 0.0, 1.66139888763
8591_001.2B, 0.3, 11678, 4, 1, 2.5, 1.48398900032
8750_004.2B, 0.3, 2980, 0, 0, 0.0, 0.12893819809
8542_001.2B, 0.3, 7396, 1, 0, 0.5, 1.07562017441
8577_001.2B, 0.3, 5424, 6, 1, 3.5, 0.187151908875
8720_001.2B, 0.3, 11884, 0, 0, 0.0, 0.0983779430389
8561_001.2B, 0.3, 13032, 0, 0, 0.0, 4.23160600662
8534_001.2B, 0.3, 9564, 1, 1, 1.0, 1.41544008255
8590_001.2B, 0.3, 10118, 0, 0, 0.0, 0.126877784729
8528_001.2B, 0.3, 3116, 0, 0, 0.0, 0.0942418575287
8746_001.2B, 0.3, 8368, 0, 0, 0.0, 0.125334024429
8506_001.2B, 0.3, 6868, 2, 0, 1.0, 0.915559053421
8539_001.2B, 0.3, 7152, 0, 0, 0.0, 0.227974891663
8572_001.2B, 0.3, 5270, 0, 0, 0.0, 0.114687919617
8726_001.2B, 0.3, 7266, 0, 0, 0.0, 3.13297581673
8707_001.2B, 0.3, 8286, 1, 0, 0.5, 1.69231295586
8700_001.2B, 0.3, 11904, 1, 0, 0.5, 5.95480895042
8583_001.2B, 0.3, 5670, 0, 0, 0.0, 0.545346021652
8754_001.2B, 0.3, 10994, 1, 1, 1.0, 7.34082603455
8733_002.2B, 0.3, 4386, 4, 2, 3.0, 0.26140999794
8736_002.2B, 0.3, 3048, 0, 0, 0.0, 0.304269075394
8546_001.2B, 0.3, 6806, 0, 0, 0.0, 2.28151392937
8760_002.2B, 0.3, 6204, 0, 0, 0.0, 0.530478000641
8753_002.2B, 0.3, 18376, 1, 0, 0.5, 5.30189585686
8514_001.2B, 0.3, 9906, 3, 1, 2.0, 1.39896416664
8752_003.2B, 0.3, 7030, 0, 0, 0.0, 0.140604019165
8714_001.2B, 0.3, 8140, 1, 0, 0.5, 3.41789507866
8708_001.2B, 0.3, 8580, 0, 0, 0.0, 4.84532618523
8598_001.2B, 0.3, 5436, 0, 0, 0.0, 0.162412881851
8727_001.2B, 0.3, 10516, 3, 0, 1.5, 0.983398914337
8574_002.2B, 0.3, 4576, 0, 0, 0.0, 0.11260008812
8713_001.2B, 0.3, 8794, 1, 0, 0.5, 5.28035879135
8524_001.2B, 0.3, 8418, 0, 0, 0.0, 0.286479949951
8735_001.2B, 0.3, 7130, 8, 0, 4.0, 0.310534954071
8721_003.2B, 0.3, 8250, 1, 0, 0.5, 5.50119590759
8549_001.2B, 0.3, 3722, 0, 0, 0.0, 0.148984909058
8553_001.2B, 0.3, 7536, 0, 0, 0.0, 0.198130846024
8591_002.2B, 0.3, 1278, 0, 0, 0.0, 0.257225990295
8761_001.2B, 0.3, 6924, 4, 5, 4.5, 3.72538805008
8711_001.2B, 0.3, 6402, 5, 4, 4.5, 3.41560411453
8558_001.2B, 0.3, 8006, 0, 0, 0.0, 0.100502967834
8716_001.2B, 0.3, 10744, 2, 1, 1.5, 4.78625106812
8737_002.2B, 0.3, 10650, 1, 1, 1.0, 3.4232571125
8751_002.2B, 0.3, 8686, 0, 0, 0.0, 0.134845972061
8758_004.2B, 0.3, 10430, 1, 0, 0.5, 3.47586011887
8507_001.2B, 0.3, 5734, 0, 0, 0.0, 0.610468864441
8739_002.2B, 0.3, 13938, 0, 0, 0.0, 1.50428795815
8721_001.2B, 0.3, 10930, 0, 0, 0.0, 6.95541405678
8520_002.2B, 0.3, 13756, 0, 0, 0.0, 0.0978238582611
8533_001.2B, 0.3, 3568, 2, 1, 1.5, 0.70072889328
8566_001.2B, 0.3, 4982, 0, 0, 0.0, 0.315966129303
8595_001.2B, 0.3, 4932, 3, 2, 2.5, 0.872632980347
8576_001.2B, 0.3, 4308, 25, 1, 13.0, 0.160082817078
8723_002.2B, 0.3, 12922, 0, 0, 0.0, 9.2821419239
8735_002.2B, 0.3, 3738, 0, 0, 0.0, 0.193980932236
8516_001.2B, 0.3, 6476, 0, 0, 0.0, 0.180437088013
8747_001.2B, 0.3, 11994, 0, 0, 0.0, 1.28556394577
8519_001.2B, 0.3, 9914, 1, 1, 1.0, 5.52976918221
8565_001.2B, 0.3, 5692, 3, 1, 2.0, 0.573932886124
8567_001.2B, 0.3, 10368, 1, 0, 0.5, 2.07397603989
8724_002.2B, 0.3, 9576, 0, 0, 0.0, 0.299439907074
8588_001.2B, 0.3, 5778, 0, 0, 0.0, 2.10446691513
8706_001.2B, 0.3, 10206, 4, 2, 3.0, 0.728276014328
8530_001.2B, 0.3, 5466, 1, 1, 1.0, 2.58797192574
8721_002.2B, 0.3, 9774, 1, 0, 0.5, 4.49616980553
8748_002.2B, 0.3, 12958, 0, 0, 0.0, 4.43788599968
8527_001.2B, 0.3, 5444, 0, 0, 0.0, 0.28484416008
8738_001.2B, 0.3, 11006, 0, 0, 0.0, 1.33984708786
8758_003.2B, 0.3, 16624, 0, 0, 0.0, 0.391577959061
8731_001.2B, 0.3, 7006, 10, 2, 6.0, 0.91977596283
8554_001.2B, 0.3, 4392, 2, 1, 1.5, 1.78270697594
8754_002.2B, 0.3, 10484, 1, 1, 1.0, 3.9195599556
8557_001.2B, 0.3, 7868, 1, 0, 0.5, 2.99659204483
8723_001.2B, 0.3, 11512, 0, 0, 0.0, 1.52049303055
8556_001.2B, 0.3, 4468, 1, 1, 1.0, 2.20257592201
8733_001.2B, 0.3, 7622, 0, 0, 0.0, 0.425786972046
8730_001.2B, 0.3, 7408, 6, 0, 3.0, 0.420782804489
8531_001.2B, 0.3, 8064, 1, 0, 0.5, 4.4247739315
8715_001.2B, 0.3, 9634, 5, 2, 3.5, 2.30420708656
8600_001.2B, 0.3, 5338, 2, 2, 2.0, 3.10990691185
8740_001.2B, 0.3, 7330, 25, 5, 15.0, 0.717610120773
8740_002.2B, 0.3, 8916, 0, 0, 0.0, 0.154769897461
8582_001.2B, 0.3, 7018, 0, 0, 0.0, 0.314543008804
8575_001.2B, 0.3, 3950, 0, 0, 0.0, 0.180931091309
8552_001.2B, 0.3, 6232, 0, 0, 0.0, 0.121873855591
8703_001.2B, 0.3, 7896, 1, 0, 0.5, 0.962140798569
8589_001.2B, 0.3, 4018, 1, 1, 1.0, 1.73861193657
8525_001.2B, 0.3, 15350, 3, 1, 2.0, 3.49043893814
8743_002.2B, 0.3, 7456, 0, 0, 0.0, 3.38841819763
8569_001.2B, 0.3, 8108, 1, 1, 1.0, 0.679621934891
8745_002.2B, 0.3, 3590, 0, 0, 0.0, 0.146670103073
8749_001.2B, 0.3, 7790, 2, 2, 2.0, 2.70140504837
8759_001.2B, 0.3, 10406, 1, 0, 0.5, 3.74850320816
8548_001.2B, 0.3, 6466, 0, 0, 0.0, 0.75834608078
8526_001.2B, 0.3, 5714, 2, 2, 2.0, 1.52966499329
8529_001.2B, 0.3, 13956, 0, 0, 0.0, 7.95846104622
8535_001.2B, 0.3, 4988, 0, 0, 0.0, 0.221093177795
8500_001.2B, 0.3, 10830, 2, 1, 1.5, 1.59768795967
8594_001.2B, 0.3, 3946, 4, 3, 3.5, 1.69229197502
8725_001.2B, 0.3, 10678, 0, 0, 0.0, 1.01397109032
8520_001.2B, 0.3, 11208, 0, 0, 0.0, 0.114305019379
8756_001.2B, 0.3, 9582, 12, 1, 6.5, 0.448079824448
8752_002.2B, 0.3, 14120, 0, 0, 0.0, 0.167850017548
8758_001.2B, 0.3, 12564, 5, 1, 3.0, 2.15818405151
8744_002.2B, 0.3, 12308, 0, 0, 0.0, 0.465983867645
8521_001.2B, 0.3, 7784, 100, 0, 50.0, 0.122518062592
8759_003.2B, 0.3, 11178, 0, 0, 0.0, 2.88485503197
8573_001.2B, 0.3, 8224, 0, 0, 0.0, 4.1847422123
8544_001.2B, 0.3, 8682, 0, 0, 0.0, 0.150104045868
8585_001.2B, 0.3, 5388, 1, 1, 1.0, 2.30548214912
8578_001.2B, 0.3, 4374, 0, 0, 0.0, 0.192988157272
8722_001.2B, 0.3, 10408, 0, 0, 0.0, 0.250494003296
8760_001.2B, 0.3, 8160, 5, 1, 3.0, 0.496758937836
8545_001.2B, 0.3, 4406, 0, 0, 0.0, 0.417830944061
8748_001.2B, 0.3, 15780, 2, 1, 1.5, 1.8133699894
8574_001.2B, 0.3, 9152, 0, 0, 0.0, 0.101318120956
8587_001.2B, 0.3, 5932, 1, 1, 1.0, 1.2508649826
8515_001.2B, 0.3, 6160, 2, 2, 2.0, 2.54050397873
8512_001.2B, 0.3, 2278, 0, 0, 0.0, 0.0937950611115
8563_001.2B, 0.3, 7736, 1, 0, 0.5, 0.844344854355
8551_001.2B, 0.3, 4254, 3, 3, 3.0, 1.59900403023
8741_001.2B, 0.3, 6818, 0, 0, 0.0, 0.247967004776
8503_001.2B, 0.3, 10480, 3, 1, 2.0, 1.29710197449
8550_001.2B, 0.3, 6302, 1, 1, 1.0, 1.65458106995
8560_001.2B, 0.3, 7962, 3, 0, 1.5, 0.474758863449
8743_001.2B, 0.3, 10662, 1, 0, 0.5, 2.30735206604
8540_001.2B, 0.3, 7500, 1, 0, 0.5, 0.841366052628
8719_001.2B, 0.3, 8554, 3, 1, 2.0, 1.7510008812
8518_001.2B, 0.3, 4944, 0, 0, 0.0, 1.79638981819
8702_001.2B, 0.3, 9854, 0, 0, 0.0, 0.0991690158844
8750_002.2B, 0.3, 5452, 0, 0, 0.0, 0.0931639671326
8513_001.2B, 0.3, 6400, 7, 0, 3.5, 0.362128973007
8734_002.2B, 0.3, 7530, 0, 0, 0.0, 0.0950560569763
8505_001.2B, 0.3, 8770, 1, 0, 0.5, 3.10493397713
8509_001.2B, 0.3, 15656, 2, 1, 1.5, 6.62158799171
8517_001.2B, 0.3, 4476, 3, 2, 2.5, 0.503687858582
8742_001.2B, 0.3, 10032, 8, 7, 7.5, 6.29197907448
8586_001.2B, 0.3, 3246, 0, 0, 0.0, 0.20737695694
8571_001.2B, 0.3, 9152, 0, 0, 0.0, 0.43207192421
8541_001.2B, 0.2, 5448, 0, 0, 0.0, 0.0902729034424
8597_001.2B, 0.2, 3314, 0, 0, 0.0, 0.15633392334
8741_002.2B, 0.2, 2822, 0, 0, 0.0, 0.092157125473
8750_001.2B, 0.2, 1496, 0, 0, 0.0, 0.0894370079041
8752_001.2B, 0.2, 4280, 0, 0, 0.0, 0.123965978622
8564_001.2B, 0.2, 5180, 0, 0, 0.0, 0.183424949646
8502_001.2B, 0.2, 6180, 0, 0, 0.0, 0.161278009415
8717_001.2B, 0.2, 5626, 0, 0, 0.0, 0.101846933365
8520_003.2B, 0.2, 5098, 0, 0, 0.0, 0.0900731086731
8747_002.2B, 0.2, 8214, 0, 0, 0.0, 0.133856058121
8749_002.2B, 0.2, 6314, 0, 0, 0.0, 0.0935401916504
8529_002.2B, 0.2, 1506, 0, 0, 0.0, 0.0905740261078
8729_001.2B, 0.2, 5466, 6, 0, 3.0, 0.277440071106
8523_001.2B, 0.2, 4422, 0, 0, 0.0, 0.0903129577637
8710_001.2B, 0.2, 2820, 0, 0, 0.0, 0.125056028366
8584_001.2B, 0.2, 4892, 0, 0, 0.0, 0.110641002655
8501_001.2B, 0.2, 2650, 0, 0, 0.0, 0.0896120071411
8592_001.2B, 0.2, 3068, 0, 0, 0.0, 0.0895180702209
8570_001.2B, 0.2, 1828, 50, 1, 25.5, 0.145678043365
8508_001.2B, 0.2, 7690, 0, 0, 0.0, 0.0937080383301
8759_004.2B, 0.2, 4170, 0, 0, 0.0, 0.107609987259
8734_001.2B, 0.2, 2688, 0, 0, 0.0, 0.140244007111
8538_001.2B, 0.2, 3662, 0, 0, 0.0, 0.09001994133
8759_002.2B, 0.2, 4914, 0, 0, 0.0, 0.0903148651123
8580_001.2B, 0.2, 2882, 0, 0, 0.0, 0.100605010986
8601_001.2B, 0.2, 7276, 0, 0, 0.0, 0.103833198547
8555_001.2B, 0.2, 6136, 0, 0, 0.0, 0.143513917923
8541_002.2B, 0.2, 5168, 0, 0, 0.0, 0.104241132736
8547_001.2B, 0.2, 2482, 0, 0, 0.0, 0.19105887413
8536_001.2B, 0.2, 6148, 0, 0, 0.0, 0.481328964233
8599_001.2B, 0.2, 4686, 0, 0, 0.0, 0.136335134506
8736_001.2B, 0.2, 3144, 0, 0, 0.0, 0.0898001194
8562_001.2B, 0.2, 2700, 0, 0, 0.0, 0.189538955688
8758_002.2B, 0.2, 7136, 0, 0, 0.0, 0.0918850898743
8750_003.2B, 0.2, 2124, 0, 0, 0.0, 0.0889317989349
8581_001.2B, 0.2, 5198, 0, 0, 0.0, 0.148305892944
8596_001.2B, 0.2, 4358, 0, 0, 0.0, 0.0903358459473
8537_001.2B, 0.2, 1742, 0, 0, 0.0, 0.0913128852844
8742_002.2B, 0.2, 2540, 0, 0, 0.0, 0.0924999713898
8704_001.2B, 0.2, 3858, 0, 0, 0.0, 0.113639116287
8522_001.2B, 0.2, 3934, 0, 0, 0.0, 0.13952589035
8559_001.2B, 0.2, 4696, 0, 0, 0.0, 0.124120950699
8709_001.2B, 0.2, 4712, 0, 0, 0.0, 0.154875993729
8751_001.2B, 0.2, 4300, 0, 0, 0.0, 0.128090143204
8728_001.2B, 0.2, 4914, 7, 0, 3.5, 0.328846931458
8712_001.2B, 0.2, 3736, 0, 0, 0.0, 0.137414932251
8510_001.2B, 0.2, 4858, 0, 0, 0.0, 0.136395931244
8753_001.2B, 0.2, 6470, 31, 1, 16.0, 0.480385065079
8755_001.2B, 0.2, 5270, 0, 0, 0.0, 0.199751138687
8504_001.2B, 0.2, 3614, 0, 0, 0.0, 0.103266954422
8701_001.2B, 0.2, 5170, 0, 0, 0.0, 0.172707080841
8705_001.2B, 0.2, 4986, 0, 0, 0.0, 0.145528078079
8718_001.2B, 0.2, 2530, 0, 0, 0.0, 0.113599061966
8745_001.2B, 0.2, 6362, 0, 0, 0.0, 0.0977349281311
8593_001.2B, 0.2, 2642, 0, 0, 0.0, 0.0991930961609
8724_001.2B, 0.2, 5304, 0, 0, 0.0, 0.100749969482
8568_001.2B, 0.2, 3468, 0, 0, 0.0, 0.175217151642
8744_001.2B, 0.2, 6906, 0, 0, 0.0, 0.115123987198
8739_001.2B, 0.2, 8758, 0, 0, 0.0, 0.78061914444
8737_001.2B, 0.2, 7060, 0, 0, 0.0, 0.0924558639526
8579_001.2B, 0.2, 2530, 0, 0, 0.0, 0.137339830399
8755_002.2B, 0.2, 7356, 0, 0, 0.0, 0.094929933548
8591_001.2B, 0.2, 6560, 0, 0, 0.0, 0.202793121338
8750_004.2B, 0.2, 904, 0, 0, 0.0, 0.0991430282593
8542_001.2B, 0.2, 5014, 0, 0, 0.0, 0.124889135361
8577_001.2B, 0.2, 3276, 0, 0, 0.0, 0.0914440155029
8720_001.2B, 0.2, 5166, 0, 0, 0.0, 0.095981836319
8561_001.2B, 0.2, 8256, 0, 0, 0.0, 0.16530919075
8534_001.2B, 0.2, 5912, 0, 0, 0.0, 0.183767795563
8590_001.2B, 0.2, 3428, 0, 0, 0.0, 0.0902309417725
8528_001.2B, 0.2, 1962, 0, 0, 0.0, 0.0892429351807
8746_001.2B, 0.2, 4858, 0, 0, 0.0, 0.103931188583
8506_001.2B, 0.2, 3830, 0, 0, 0.0, 0.0951030254364
8539_001.2B, 0.2, 4568, 0, 0, 0.0, 0.242878913879
8572_001.2B, 0.2, 3202, 0, 0, 0.0, 0.0909759998322
8726_001.2B, 0.2, 3618, 0, 0, 0.0, 0.0955970287323
8707_001.2B, 0.2, 5068, 0, 0, 0.0, 0.0954811573029
8700_001.2B, 0.2, 6638, 0, 0, 0.0, 0.147880077362
8583_001.2B, 0.2, 3274, 0, 0, 0.0, 0.194666862488
8754_001.2B, 0.2, 6042, 0, 0, 0.0, 0.126250982285
8733_002.2B, 0.2, 2708, 0, 0, 0.0, 0.0958631038666
8736_002.2B, 0.2, 1632, 0, 0, 0.0, 0.103684902191
8546_001.2B, 0.2, 3640, 0, 0, 0.0, 0.134636163712
8760_002.2B, 0.2, 2514, 0, 0, 0.0, 0.102373838425
8753_002.2B, 0.2, 7096, 0, 0, 0.0, 0.0955588817596
8514_001.2B, 0.2, 5472, 0, 0, 0.0, 0.126209974289
8752_003.2B, 0.2, 2526, 0, 0, 0.0, 0.095675945282
8714_001.2B, 0.2, 5244, 0, 0, 0.0, 0.189066171646
8708_001.2B, 0.2, 5242, 0, 0, 0.0, 0.165641069412
8598_001.2B, 0.2, 2074, 0, 0, 0.0, 0.0890460014343
8727_001.2B, 0.2, 5054, 0, 0, 0.0, 0.121705055237
8574_002.2B, 0.2, 2068, 0, 0, 0.0, 0.101255893707
8713_001.2B, 0.2, 5496, 0, 0, 0.0, 0.195581197739
8524_001.2B, 0.2, 4154, 0, 0, 0.0, 0.218216896057
8735_001.2B, 0.2, 4262, 0, 0, 0.0, 0.241671085358
8721_003.2B, 0.2, 4912, 0, 0, 0.0, 0.134331941605
8549_001.2B, 0.2, 2172, 0, 0, 0.0, 0.0943958759308
8553_001.2B, 0.2, 4590, 0, 0, 0.0, 0.147420167923
8591_002.2B, 0.2, 842, 0, 0, 0.0, 0.0984559059143
8761_001.2B, 0.2, 4918, 7, 1, 4.0, 0.230075836182
8711_001.2B, 0.2, 3744, 27, 2, 14.5, 0.33437204361
8558_001.2B, 0.2, 2514, 0, 0, 0.0, 0.0890989303589
8716_001.2B, 0.2, 6942, 0, 0, 0.0, 0.230539083481
8737_002.2B, 0.2, 6982, 0, 0, 0.0, 0.13996386528
8751_002.2B, 0.2, 4760, 0, 0, 0.0, 0.0919570922852
8758_004.2B, 0.2, 5330, 0, 0, 0.0, 0.0915060043335
8507_001.2B, 0.2, 3340, 0, 0, 0.0, 0.090815782547
8739_002.2B, 0.2, 8058, 0, 0, 0.0, 0.0996539592743
8721_001.2B, 0.2, 6386, 0, 0, 0.0, 0.135642051697
8520_002.2B, 0.2, 5472, 0, 0, 0.0, 0.113061904907
8533_001.2B, 0.2, 2064, 0, 0, 0.0, 0.116910219193
8566_001.2B, 0.2, 2848, 0, 0, 0.0, 0.207254886627
8595_001.2B, 0.2, 3160, 0, 0, 0.0, 0.107573032379
8576_001.2B, 0.2, 2326, 0, 0, 0.0, 0.132588148117
8723_002.2B, 0.2, 8130, 0, 0, 0.0, 0.138418197632
8735_002.2B, 0.2, 2320, 0, 0, 0.0, 0.0913109779358
8516_001.2B, 0.2, 2680, 0, 0, 0.0, 0.0921339988708
8747_001.2B, 0.2, 7120, 0, 0, 0.0, 0.0957839488983
8519_001.2B, 0.2, 5970, 0, 0, 0.0, 0.126276016235
8565_001.2B, 0.2, 3658, 0, 0, 0.0, 0.146530866623
8567_001.2B, 0.2, 4950, 0, 0, 0.0, 0.103049993515
8724_002.2B, 0.2, 4208, 0, 0, 0.0, 0.093957901001
8588_001.2B, 0.2, 3488, 0, 0, 0.0, 0.096372127533
8706_001.2B, 0.2, 5256, 0, 0, 0.0, 0.389626026154
8530_001.2B, 0.2, 3438, 0, 0, 0.0, 0.122272968292
8721_002.2B, 0.2, 5854, 0, 0, 0.0, 0.0915410518646
8748_002.2B, 0.2, 8330, 0, 0, 0.0, 0.101394176483
8527_001.2B, 0.2, 2610, 0, 0, 0.0, 0.116839885712
8738_001.2B, 0.2, 6704, 0, 0, 0.0, 0.186284065247
8758_003.2B, 0.2, 8352, 0, 0, 0.0, 0.0975670814514
8731_001.2B, 0.2, 3838, 0, 0, 0.0, 0.659361124039
8554_001.2B, 0.2, 2570, 0, 0, 0.0, 0.114490032196
8754_002.2B, 0.2, 5190, 0, 0, 0.0, 0.0919711589813
8557_001.2B, 0.2, 4630, 25, 0, 12.5, 0.118716001511
8723_001.2B, 0.2, 6990, 0, 0, 0.0, 0.125773906708
8556_001.2B, 0.2, 2572, 0, 0, 0.0, 0.100560903549
8733_001.2B, 0.2, 4614, 0, 0, 0.0, 0.0919358730316
8730_001.2B, 0.2, 4430, 0, 0, 0.0, 0.128066062927
8531_001.2B, 0.2, 4460, 0, 0, 0.0, 0.0941858291626
8715_001.2B, 0.2, 5932, 7, 0, 3.5, 0.484798192978
8600_001.2B, 0.2, 3422, 0, 0, 0.0, 0.0911219120026
8740_001.2B, 0.2, 4192, 0, 0, 0.0, 0.522642850876
8740_002.2B, 0.2, 5074, 0, 0, 0.0, 0.138785123825
8582_001.2B, 0.2, 3602, 0, 0, 0.0, 0.0896079540253
8575_001.2B, 0.2, 2314, 0, 0, 0.0, 0.0903789997101
8552_001.2B, 0.2, 2934, 0, 0, 0.0, 0.0956330299377
8703_001.2B, 0.2, 4160, 0, 0, 0.0, 0.282527208328
8589_001.2B, 0.2, 2262, 0, 0, 0.0, 0.0911540985107
8525_001.2B, 0.2, 8528, 0, 0, 0.0, 0.243014812469
8743_002.2B, 0.2, 4412, 0, 0, 0.0, 0.127258062363
8569_001.2B, 0.2, 4492, 0, 0, 0.0, 0.106338977814
8745_002.2B, 0.2, 2434, 0, 0, 0.0, 0.0910439491272
8749_001.2B, 0.2, 4996, 0, 0, 0.0, 0.200227975845
8759_001.2B, 0.2, 4858, 0, 0, 0.0, 0.0913178920746
8548_001.2B, 0.2, 3588, 0, 0, 0.0, 0.169013977051
8526_001.2B, 0.2, 3638, 0, 0, 0.0, 0.0913419723511
8529_001.2B, 0.2, 7454, 0, 0, 0.0, 0.0948679447174
8535_001.2B, 0.2, 2284, 0, 0, 0.0, 0.0902400016785
8500_001.2B, 0.2, 6440, 0, 0, 0.0, 0.093101978302
8594_001.2B, 0.2, 2496, 0, 0, 0.0, 0.15802693367
8725_001.2B, 0.2, 6814, 0, 0, 0.0, 0.167454004288
8520_001.2B, 0.2, 4798, 0, 0, 0.0, 0.0901420116425
8756_001.2B, 0.2, 5064, 0, 0, 0.0, 0.248730182648
8752_002.2B, 0.2, 5124, 0, 0, 0.0, 0.0909199714661
8758_001.2B, 0.2, 6200, 9, 0, 4.5, 0.406404018402
8744_002.2B, 0.2, 5960, 0, 0, 0.0, 0.0917799472809
8521_001.2B, 0.2, 4576, 0, 0, 0.0, 0.0913171768188
8759_003.2B, 0.2, 5004, 0, 0, 0.0, 0.0983989238739
8573_001.2B, 0.2, 4542, 0, 0, 0.0, 0.206077098846
8544_001.2B, 0.2, 2068, 0, 0, 0.0, 0.090008020401
8585_001.2B, 0.2, 3192, 0, 0, 0.0, 0.0910019874573
8578_001.2B, 0.2, 2166, 0, 0, 0.0, 0.0944409370422
8722_001.2B, 0.2, 6432, 0, 0, 0.0, 0.0971670150757
8760_001.2B, 0.2, 2716, 0, 0, 0.0, 0.128612995148
8545_001.2B, 0.2, 2744, 0, 0, 0.0, 0.112282991409
8748_001.2B, 0.2, 8942, 0, 0, 0.0, 0.0971050262451
8574_001.2B, 0.2, 4256, 0, 0, 0.0, 0.14080286026
8587_001.2B, 0.2, 3436, 0, 0, 0.0, 0.12829709053
8515_001.2B, 0.2, 3610, 33, 1, 17.0, 0.157431840897
8512_001.2B, 0.2, 1324, 0, 0, 0.0, 0.0890080928802
8563_001.2B, 0.2, 4224, 0, 0, 0.0, 0.114198923111
8551_001.2B, 0.2, 2516, 0, 0, 0.0, 0.0907280445099
8741_001.2B, 0.2, 3958, 0, 0, 0.0, 0.0907959938049
8503_001.2B, 0.2, 6388, 0, 0, 0.0, 0.158076047897
8550_001.2B, 0.2, 4082, 0, 0, 0.0, 0.0933511257172
8560_001.2B, 0.2, 3820, 0, 0, 0.0, 0.0896980762482
8743_001.2B, 0.2, 5836, 0, 0, 0.0, 0.122729063034
8540_001.2B, 0.2, 4216, 0, 0, 0.0, 0.102001905441
8719_001.2B, 0.2, 4874, 0, 0, 0.0, 0.150192022324
8518_001.2B, 0.2, 2786, 0, 0, 0.0, 0.0925188064575
8702_001.2B, 0.2, 4176, 0, 0, 0.0, 0.0946869850159
8750_002.2B, 0.2, 986, 0, 0, 0.0, 0.09334897995
8513_001.2B, 0.2, 2702, 0, 0, 0.0, 0.173408985138
8734_002.2B, 0.2, 2398, 0, 0, 0.0, 0.0939030647278
8505_001.2B, 0.2, 4592, 100, 1, 50.5, 0.148673057556
8509_001.2B, 0.2, 9314, 0, 0, 0.0, 0.0932981967926
8517_001.2B, 0.2, 2872, 0, 0, 0.0, 0.153079986572
8742_001.2B, 0.2, 6662, 0, 0, 0.0, 1.07240605354
8586_001.2B, 0.2, 1998, 0, 0, 0.0, 0.0984811782837
8571_001.2B, 0.2, 5400, 0, 0, 0.0, 0.12579703331
